<galaxy>
	<star name="Sol" temp="100" x="0" y="0" size="1.0" numPlanets="0" numGasGiants="0" >
		<planet name="Earth" DIMID="0" dimMapping="">
			<isKnown>true</isKnown>
			<fogColor>1.0,1.0,1.0</fogColor>
			<skyColor>1.0,1.0,1.0</skyColor>
			<gravitationalMultiplier>100</gravitationalMultiplier>
			<orbitalDistance>100</orbitalDistance>
			<orbitalPhi>0</orbitalPhi>
			<rotationalPeriod>24000</rotationalPeriod>
			<atmosphereDensity>100</atmosphereDensity>
			<planet name="Luna" DIMID="2">
				<isKnown>false</isKnown>
				<fogColor>1.0,1.0,1.0</fogColor>
				<skyColor>1.0,1.0,1.0</skyColor>
				<gravitationalMultiplier>16</gravitationalMultiplier>
				<orbitalDistance>150</orbitalDistance>
				<orbitalPhi>0</orbitalPhi>
				<rotationalPeriod>128000</rotationalPeriod>
				<atmosphereDensity>0</atmosphereDensity>
				<biomeIds>advancedrocketry:moon,advancedrocketry:moondark</biomeIds>
			</planet>
		</planet>
		<planet name="Sol-18" DIMID="18">
			<isKnown>false</isKnown>
			<fogColor>1.0,1.0,1.0</fogColor>
			<skyColor>0.8,0.87023604,0.30415082</skyColor>
			<gravitationalMultiplier>125</gravitationalMultiplier>
			<orbitalDistance>100</orbitalDistance>
			<orbitalPhi>0</orbitalPhi>
			<rotationalPeriod>12288</rotationalPeriod>
			<atmosphereDensity>147</atmosphereDensity>
			<biomeIds>minecraft:mushroom_island</biomeIds>
			<planet name="Sol-18: 0" DIMID="19">
				<isKnown>false</isKnown>
				<fogColor>1.0,1.0,1.0</fogColor>
				<skyColor>0.0,0.81640095,1.0</skyColor>
				<gravitationalMultiplier>71</gravitationalMultiplier>
				<orbitalDistance>193</orbitalDistance>
				<orbitalPhi>-3</orbitalPhi>
				<rotationalPeriod>67055</rotationalPeriod>
				<atmosphereDensity>21</atmosphereDensity>
				<seaLevel>77</seaLevel>
				<biomeIds>advancedrocketry:moon,advancedrocketry:moondark</biomeIds>
			</planet>
			<planet name="Sol-18: 1" DIMID="20">
				<isKnown>false</isKnown>
				<fogColor>1.0,1.0,1.0</fogColor>
				<skyColor>0.0,0.86168075,1.0</skyColor>
				<gravitationalMultiplier>65</gravitationalMultiplier>
				<orbitalDistance>193</orbitalDistance>
				<orbitalPhi>-3</orbitalPhi>
				<rotationalPeriod>87391</rotationalPeriod>
				<atmosphereDensity>14</atmosphereDensity>
				<seaLevel>74</seaLevel>
				<biomeIds>advancedrocketry:moon,advancedrocketry:moondark</biomeIds>
				<oceanBlock>advancedrocketry:oxygenfluid</oceanBlock>
			</planet>
			<oceanBlock>minecraft:lava</oceanBlock>
		</planet>
		<planet name="Sol-3" DIMID="3">
			<isKnown>false</isKnown>
			<GasGiant>true</GasGiant>
			<gas>hydrogen</gas>
			<gas>nitrogen</gas>
			<gas>oxygen</gas>
			<fogColor>1.0,1.0,1.0</fogColor>
			<skyColor>1.0,1.0,1.0</skyColor>
			<gravitationalMultiplier>130</gravitationalMultiplier>
			<orbitalDistance>200</orbitalDistance>
			<orbitalPhi>0</orbitalPhi>
			<rotationalPeriod>24000</rotationalPeriod>
			<atmosphereDensity>185</atmosphereDensity>
			<planet name="Sol-3: 0" DIMID="4">
				<isKnown>false</isKnown>
				<fogColor>1.0,1.0,1.0</fogColor>
				<skyColor>0.09967214,0.52957046,1.0</skyColor>
				<gravitationalMultiplier>85</gravitationalMultiplier>
				<orbitalDistance>141</orbitalDistance>
				<orbitalPhi>-3</orbitalPhi>
				<rotationalPeriod>39079</rotationalPeriod>
				<atmosphereDensity>15</atmosphereDensity>
				<biomeIds>advancedrocketry:moon,advancedrocketry:moondark</biomeIds>
			</planet>
			<planet name="Sol-3: 1" DIMID="5">
				<isKnown>false</isKnown>
				<fogColor>1.0,1.0,1.0</fogColor>
				<skyColor>0.0,0.64897704,1.0</skyColor>
				<gravitationalMultiplier>46</gravitationalMultiplier>
				<orbitalDistance>200</orbitalDistance>
				<orbitalPhi>-3</orbitalPhi>
				<rotationalPeriod>246568</rotationalPeriod>
				<atmosphereDensity>19</atmosphereDensity>
				<biomeIds>advancedrocketry:moon,advancedrocketry:moondark</biomeIds>
			</planet>
			<planet name="Sol-3: 2" DIMID="6">
				<isKnown>false</isKnown>
				<hasRings>true</hasRings>
				<ringColor>0.19920385,0.82027745,1.0</ringColor>
				<fogColor>1.0,1.0,1.0</fogColor>
				<skyColor>0.19920385,0.82027745,1.0</skyColor>
				<gravitationalMultiplier>82</gravitationalMultiplier>
				<orbitalDistance>149</orbitalDistance>
				<orbitalPhi>-4</orbitalPhi>
				<rotationalPeriod>43528</rotationalPeriod>
				<atmosphereDensity>27</atmosphereDensity>
				<biomeIds>biomesoplenty:grove,minecraft:mutated_redwood_taiga_hills,minecraft:savanna,minecraft:mutated_jungle_edge,minecraft:roofed_forest</biomeIds>
			</planet>
		</planet>
		<planet name="Sol-21" DIMID="21">
			<isKnown>false</isKnown>
			<fogColor>1.0,1.0,1.0</fogColor>
			<skyColor>0.3534339,0.8967638,1.0</skyColor>
			<gravitationalMultiplier>108</gravitationalMultiplier>
			<orbitalDistance>91</orbitalDistance>
			<orbitalPhi>0</orbitalPhi>
			<rotationalPeriod>19051</rotationalPeriod>
			<atmosphereDensity>0</atmosphereDensity>
			<biomeIds>advancedrocketry:moon,advancedrocketry:moondark</biomeIds>
			<planet name="Sol-21: 0" DIMID="22">
				<isKnown>false</isKnown>
				<fogColor>1.0,1.0,1.0</fogColor>
				<skyColor>0.14870799,0.7980069,1.0</skyColor>
				<gravitationalMultiplier>51</gravitationalMultiplier>
				<orbitalDistance>153</orbitalDistance>
				<orbitalPhi>3</orbitalPhi>
				<rotationalPeriod>180925</rotationalPeriod>
				<atmosphereDensity>24</atmosphereDensity>
				<biomeIds>advancedrocketry:moon,advancedrocketry:moondark</biomeIds>
			</planet>
			<planet name="Sol-21: 1" DIMID="23">
				<isKnown>false</isKnown>
				<fogColor>1.0,1.0,1.0</fogColor>
				<skyColor>0.0,0.66000664,1.0</skyColor>
				<gravitationalMultiplier>52</gravitationalMultiplier>
				<orbitalDistance>191</orbitalDistance>
				<orbitalPhi>-5</orbitalPhi>
				<rotationalPeriod>161206</rotationalPeriod>
				<atmosphereDensity>21</atmosphereDensity>
				<biomeIds>advancedrocketry:moon,advancedrocketry:moondark</biomeIds>
			</planet>
			<planet name="Sol-21: 2" DIMID="24">
				<isKnown>false</isKnown>
				<fogColor>1.0,1.0,1.0</fogColor>
				<skyColor>0.15409064,0.59209883,1.0</skyColor>
				<gravitationalMultiplier>30</gravitationalMultiplier>
				<orbitalDistance>162</orbitalDistance>
				<orbitalPhi>-2</orbitalPhi>
				<rotationalPeriod>888888</rotationalPeriod>
				<atmosphereDensity>31</atmosphereDensity>
				<biomeIds>biomesoplenty:shrubland,minecraft:mutated_extreme_hills_with_trees,minecraft:mutated_forest,minecraft:forest,biomesoplenty:steppe</biomeIds>
			</planet>
		</planet>
		<planet name="Sol-7" DIMID="7">
			<isKnown>false</isKnown>
			<fogColor>1.0,1.0,1.0</fogColor>
			<skyColor>0.8,0.9293633,0.0</skyColor>
			<gravitationalMultiplier>130</gravitationalMultiplier>
			<orbitalDistance>44</orbitalDistance>
			<orbitalPhi>0</orbitalPhi>
			<rotationalPeriod>10923</rotationalPeriod>
			<atmosphereDensity>173</atmosphereDensity>
			<biomeIds>advancedrocketry:hotdryrock,advancedrocketry:volcanic</biomeIds>
			<oceanBlock>minecraft:lava</oceanBlock>
		</planet>
		<planet name="Sol-8" DIMID="8">
			<isKnown>false</isKnown>
			<fogColor>1.0,1.0,1.0</fogColor>
			<skyColor>0.8,0.5778705,0.9763106</skyColor>
			<gravitationalMultiplier>125</gravitationalMultiplier>
			<orbitalDistance>87</orbitalDistance>
			<orbitalPhi>0</orbitalPhi>
			<rotationalPeriod>12288</rotationalPeriod>
			<atmosphereDensity>56</atmosphereDensity>
			<biomeIds>biomesoplenty:bog,biomesoplenty:snowy_coniferous_forest,biomesoplenty:gravel_beach,minecraft:mutated_extreme_hills_with_trees,biomesoplenty:tundra</biomeIds>
			<planet name="Sol-8: 0" DIMID="9">
				<isKnown>false</isKnown>
				<fogColor>1.0,1.0,1.0</fogColor>
				<skyColor>0.48186737,0.9156275,1.0</skyColor>
				<gravitationalMultiplier>45</gravitationalMultiplier>
				<orbitalDistance>117</orbitalDistance>
				<orbitalPhi>0</orbitalPhi>
				<rotationalPeriod>263374</rotationalPeriod>
				<atmosphereDensity>36</atmosphereDensity>
				<biomeIds>minecraft:mutated_roofed_forest,biomesoplenty:redwood_forest_edge,biomesoplenty:temperate_rainforest,advancedrocketry:oceanspires,minecraft:roofed_forest</biomeIds>
			</planet>
			<planet name="Sol-8: 1" DIMID="10">
				<isKnown>false</isKnown>
				<fogColor>1.0,1.0,1.0</fogColor>
				<skyColor>0.33183932,0.8102475,1.0</skyColor>
				<gravitationalMultiplier>71</gravitationalMultiplier>
				<orbitalDistance>139</orbitalDistance>
				<orbitalPhi>6</orbitalPhi>
				<rotationalPeriod>67055</rotationalPeriod>
				<atmosphereDensity>32</atmosphereDensity>
				<biomeIds>minecraft:mutated_mesa_rock,minecraft:birch_forest_hills,biomesoplenty:flower_island,minecraft:mutated_mesa,biomesoplenty:mangrove</biomeIds>
			</planet>
		</planet>
		<planet name="Sol-11" DIMID="11">
			<isKnown>false</isKnown>
			<fogColor>1.0,1.0,1.0</fogColor>
			<skyColor>0.07758707,0.5757583,1.0</skyColor>
			<gravitationalMultiplier>90</gravitationalMultiplier>
			<orbitalDistance>193</orbitalDistance>
			<orbitalPhi>2</orbitalPhi>
			<rotationalPeriod>32921</rotationalPeriod>
			<atmosphereDensity>54</atmosphereDensity>
			<biomeIds>minecraft:jungle,minecraft:stone_beach,biomesoplenty:chaparral,biomesoplenty:mangrove,minecraft:mutated_forest</biomeIds>
		</planet>
		<planet name="Sol-12" DIMID="12">
			<isKnown>false</isKnown>
			<fogColor>1.0,1.0,1.0</fogColor>
			<skyColor>0.8,0.9317887,0.6932641</skyColor>
			<gravitationalMultiplier>95</gravitationalMultiplier>
			<orbitalDistance>126</orbitalDistance>
			<orbitalPhi>5</orbitalPhi>
			<rotationalPeriod>27992</rotationalPeriod>
			<atmosphereDensity>125</atmosphereDensity>
			<biomeIds>minecraft:mutated_savanna,biomesoplenty:coral_reef,biomesoplenty:tropical_island,minecraft:mutated_jungle,minecraft:roofed_forest</biomeIds>
		</planet>
		<planet name="Sol-13" DIMID="13">
			<isKnown>false</isKnown>
			<fogColor>1.0,1.0,1.0</fogColor>
			<skyColor>0.8,0.8191432,0.066627085</skyColor>
			<gravitationalMultiplier>98</gravitationalMultiplier>
			<orbitalDistance>66</orbitalDistance>
			<orbitalPhi>4</orbitalPhi>
			<rotationalPeriod>25499</rotationalPeriod>
			<atmosphereDensity>144</atmosphereDensity>
			<biomeIds>advancedrocketry:hotdryrock,advancedrocketry:volcanic</biomeIds>
			<oceanBlock>minecraft:lava</oceanBlock>
		</planet>
		<planet name="Sol-14" DIMID="14">
			<isKnown>false</isKnown>
			<fogColor>1.0,1.0,1.0</fogColor>
			<skyColor>0.59717906,0.97258496,1.0</skyColor>
			<gravitationalMultiplier>95</gravitationalMultiplier>
			<orbitalDistance>104</orbitalDistance>
			<orbitalPhi>-1</orbitalPhi>
			<rotationalPeriod>27992</rotationalPeriod>
			<atmosphereDensity>36</atmosphereDensity>
			<biomeIds>minecraft:mutated_mesa,minecraft:smaller_extreme_hills,biomesoplenty:mountain_foothills,minecraft:mutated_redwood_taiga_hills,minecraft:mushroom_island</biomeIds>
		</planet>
		<planet name="Sol-15" DIMID="15">
			<isKnown>false</isKnown>
			<fogColor>1.0,1.0,1.0</fogColor>
			<skyColor>0.8,0.93670356,0.25374705</skyColor>
			<gravitationalMultiplier>130</gravitationalMultiplier>
			<orbitalDistance>158</orbitalDistance>
			<orbitalPhi>-2</orbitalPhi>
			<rotationalPeriod>10923</rotationalPeriod>
			<atmosphereDensity>197</atmosphereDensity>
			<biomeIds>biomesoplenty:tropical_rainforest,biomesoplenty:phantasmagoric_inferno,advancedrocketry:oceanspires,minecraft:mutated_jungle_edge,biomesoplenty:brushland,advancedrocketry:deepswamp,advancedrocketry:stormland</biomeIds>
			<planet name="Sol-15: 0" DIMID="16">
				<isKnown>false</isKnown>
				<fogColor>1.0,1.0,1.0</fogColor>
				<skyColor>0.27072352,0.5045202,1.0</skyColor>
				<gravitationalMultiplier>68</gravitationalMultiplier>
				<orbitalDistance>141</orbitalDistance>
				<orbitalPhi>1</orbitalPhi>
				<rotationalPeriod>76328</rotationalPeriod>
				<atmosphereDensity>35</atmosphereDensity>
				<biomeIds>minecraft:plains,minecraft:savanna_rock,biomesoplenty:mystic_grove,biomesoplenty:grassland,minecraft:mutated_redwood_taiga</biomeIds>
			</planet>
			<planet name="Sol-15: 1" DIMID="17">
				<isKnown>false</isKnown>
				<fogColor>1.0,1.0,1.0</fogColor>
				<skyColor>0.3096866,0.6229339,1.0</skyColor>
				<gravitationalMultiplier>51</gravitationalMultiplier>
				<orbitalDistance>116</orbitalDistance>
				<orbitalPhi>2</orbitalPhi>
				<rotationalPeriod>180925</rotationalPeriod>
				<atmosphereDensity>19</atmosphereDensity>
				<biomeIds>advancedrocketry:moon,advancedrocketry:moondark</biomeIds>
			</planet>
			<oceanBlock>minecraft:lava</oceanBlock>
		</planet>
	</star>
	<star name="Wolf 12" temp="10" x="300" y="-200" size="1.0" numPlanets="0" numGasGiants="0" >
		<planet name="Sol-32" DIMID="32">
			<isKnown>false</isKnown>
			<hasRings>true</hasRings>
			<ringColor>0.8,0.83554983,0.0</ringColor>
			<fogColor>1.0,1.0,1.0</fogColor>
			<skyColor>0.8,0.83554983,0.0</skyColor>
			<gravitationalMultiplier>114</gravitationalMultiplier>
			<orbitalDistance>98</orbitalDistance>
			<orbitalPhi>-2</orbitalPhi>
			<rotationalPeriod>16199</rotationalPeriod>
			<atmosphereDensity>185</atmosphereDensity>
			<biomeIds>advancedrocketry:hotdryrock,advancedrocketry:volcanic</biomeIds>
			<planet name="Sol-32: 0" DIMID="33">
				<isKnown>false</isKnown>
				<fogColor>1.0,1.0,1.0</fogColor>
				<skyColor>0.0,0.88373005,1.0</skyColor>
				<gravitationalMultiplier>58</gravitationalMultiplier>
				<orbitalDistance>164</orbitalDistance>
				<orbitalPhi>-6</orbitalPhi>
				<rotationalPeriod>123006</rotationalPeriod>
				<atmosphereDensity>17</atmosphereDensity>
				<biomeIds>advancedrocketry:moon,advancedrocketry:moondark</biomeIds>
			</planet>
			<planet name="Sol-32: 1" DIMID="34">
				<isKnown>false</isKnown>
				<fogColor>1.0,1.0,1.0</fogColor>
				<skyColor>0.0,0.7736522,1.0</skyColor>
				<gravitationalMultiplier>54</gravitationalMultiplier>
				<orbitalDistance>166</orbitalDistance>
				<orbitalPhi>0</orbitalPhi>
				<rotationalPeriod>152415</rotationalPeriod>
				<atmosphereDensity>18</atmosphereDensity>
				<seaLevel>74</seaLevel>
				<biomeIds>advancedrocketry:moon,advancedrocketry:moondark</biomeIds>
				<oceanBlock>advancedrocketry:oxygenfluid</oceanBlock>
			</planet>
			<oceanBlock>minecraft:lava</oceanBlock>
		</planet>
		<planet name="Sol-35" DIMID="35">
			<isKnown>false</isKnown>
			<fogColor>1.0,1.0,1.0</fogColor>
			<skyColor>0.8,0.81634355,0.46847612</skyColor>
			<gravitationalMultiplier>99</gravitationalMultiplier>
			<orbitalDistance>54</orbitalDistance>
			<orbitalPhi>1</orbitalPhi>
			<rotationalPeriod>24734</rotationalPeriod>
			<atmosphereDensity>91</atmosphereDensity>
			<biomeIds>minecraft:mushroom_island</biomeIds>
			<oceanBlock>minecraft:lava</oceanBlock>
		</planet>
		<planet name="Sol-25" DIMID="25">
			<isKnown>false</isKnown>
			<fogColor>1.0,1.0,1.0</fogColor>
			<skyColor>0.8,0.7300341,0.0</skyColor>
			<gravitationalMultiplier>130</gravitationalMultiplier>
			<orbitalDistance>55</orbitalDistance>
			<orbitalPhi>0</orbitalPhi>
			<rotationalPeriod>10923</rotationalPeriod>
			<atmosphereDensity>181</atmosphereDensity>
			<biomeIds>advancedrocketry:hotdryrock,advancedrocketry:volcanic</biomeIds>
			<planet name="Sol-25: 0" DIMID="26">
				<isKnown>false</isKnown>
				<fogColor>1.0,1.0,1.0</fogColor>
				<skyColor>0.0,0.78231096,1.0</skyColor>
				<gravitationalMultiplier>48</gravitationalMultiplier>
				<orbitalDistance>191</orbitalDistance>
				<orbitalPhi>1</orbitalPhi>
				<rotationalPeriod>217013</rotationalPeriod>
				<atmosphereDensity>13</atmosphereDensity>
				<seaLevel>81</seaLevel>
				<biomeIds>advancedrocketry:moon,advancedrocketry:moondark</biomeIds>
			</planet>
			<oceanBlock>minecraft:lava</oceanBlock>
		</planet>
		<planet name="Sol-27" DIMID="27">
			<isKnown>false</isKnown>
			<fogColor>1.0,1.0,1.0</fogColor>
			<skyColor>0.6992409,0.75952053,1.0</skyColor>
			<gravitationalMultiplier>110</gravitationalMultiplier>
			<orbitalDistance>112</orbitalDistance>
			<orbitalPhi>-1</orbitalPhi>
			<rotationalPeriod>18031</rotationalPeriod>
			<atmosphereDensity>59</atmosphereDensity>
			<biomeIds>minecraft:deep_ocean,minecraft:extreme_hills,minecraft:birch_forest_hills,minecraft:mutated_extreme_hills,biomesoplenty:highland</biomeIds>
			<planet name="Sol-27: 0" DIMID="28">
				<isKnown>false</isKnown>
				<fogColor>1.0,1.0,1.0</fogColor>
				<skyColor>0.26562977,0.63827145,1.0</skyColor>
				<gravitationalMultiplier>35</gravitationalMultiplier>
				<orbitalDistance>119</orbitalDistance>
				<orbitalPhi>1</orbitalPhi>
				<rotationalPeriod>559766</rotationalPeriod>
				<atmosphereDensity>19</atmosphereDensity>
				<seaLevel>80</seaLevel>
				<biomeIds>advancedrocketry:moon,advancedrocketry:moondark</biomeIds>
				<oceanBlock>advancedrocketry:oxygenfluid</oceanBlock>
			</planet>
		</planet>
		<planet name="Sol-29" DIMID="29">
			<isKnown>false</isKnown>
			<fogColor>1.0,1.0,1.0</fogColor>
			<skyColor>0.27615058,0.94825745,1.0</skyColor>
			<gravitationalMultiplier>130</gravitationalMultiplier>
			<orbitalDistance>128</orbitalDistance>
			<orbitalPhi>-3</orbitalPhi>
			<rotationalPeriod>10923</rotationalPeriod>
			<atmosphereDensity>20</atmosphereDensity>
			<biomeIds>advancedrocketry:moon,advancedrocketry:moondark</biomeIds>
			<planet name="Sol-29: 0" DIMID="30">
				<isKnown>false</isKnown>
				<fogColor>1.0,1.0,1.0</fogColor>
				<skyColor>0.0,0.5624963,1.0</skyColor>
				<gravitationalMultiplier>41</gravitationalMultiplier>
				<orbitalDistance>186</orbitalDistance>
				<orbitalPhi>-3</orbitalPhi>
				<rotationalPeriod>348224</rotationalPeriod>
				<atmosphereDensity>16</atmosphereDensity>
				<biomeIds>advancedrocketry:moon,advancedrocketry:moondark</biomeIds>
			</planet>
			<planet name="Sol-29: 1" DIMID="31">
				<isKnown>false</isKnown>
				<fogColor>1.0,1.0,1.0</fogColor>
				<skyColor>0.20084411,0.6671324,1.0</skyColor>
				<gravitationalMultiplier>74</gravitationalMultiplier>
				<orbitalDistance>132</orbitalDistance>
				<orbitalPhi>8</orbitalPhi>
				<rotationalPeriod>59226</rotationalPeriod>
				<atmosphereDensity>27</atmosphereDensity>
				<biomeIds>minecraft:mutated_roofed_forest,minecraft:desert,biomesoplenty:pasture,biomesoplenty:white_beach,minecraft:savanna_rock</biomeIds>
			</planet>
		</planet>
	</star>
	<star name="Epsilon ire" temp="170" x="-200" y="80" size="1.0" numPlanets="0" numGasGiants="0" >
		<planet name="Sol-51" DIMID="51">
			<isKnown>false</isKnown>
			<fogColor>1.0,1.0,1.0</fogColor>
			<skyColor>0.8,0.75547904,0.23447573</skyColor>
			<gravitationalMultiplier>95</gravitationalMultiplier>
			<orbitalDistance>160</orbitalDistance>
			<orbitalPhi>-4</orbitalPhi>
			<rotationalPeriod>27992</rotationalPeriod>
			<atmosphereDensity>197</atmosphereDensity>
			<biomeIds>minecraft:mutated_mesa_clear_rock,minecraft:ocean,biomesoplenty:coral_reef,biomesoplenty:outback,minecraft:mutated_jungle_edge,advancedrocketry:deepswamp,advancedrocketry:stormland</biomeIds>
			<oceanBlock>minecraft:lava</oceanBlock>
		</planet>
		<planet name="Sol-36" DIMID="36">
			<isKnown>false</isKnown>
			<fogColor>1.0,1.0,1.0</fogColor>
			<skyColor>0.8,0.6093415,0.0</skyColor>
			<gravitationalMultiplier>130</gravitationalMultiplier>
			<orbitalDistance>54</orbitalDistance>
			<orbitalPhi>0</orbitalPhi>
			<rotationalPeriod>10923</rotationalPeriod>
			<atmosphereDensity>183</atmosphereDensity>
			<biomeIds>advancedrocketry:hotdryrock,advancedrocketry:volcanic</biomeIds>
			<planet name="Sol-36: 0" DIMID="37">
				<isKnown>false</isKnown>
				<fogColor>1.0,1.0,1.0</fogColor>
				<skyColor>0.5982806,0.89007986,1.0</skyColor>
				<gravitationalMultiplier>84</gravitationalMultiplier>
				<orbitalDistance>104</orbitalDistance>
				<orbitalPhi>-1</orbitalPhi>
				<rotationalPeriod>40492</rotationalPeriod>
				<atmosphereDensity>32</atmosphereDensity>
				<biomeIds>advancedrocketry:crystalchasms</biomeIds>
			</planet>
			<oceanBlock>minecraft:lava</oceanBlock>
		</planet>
		<planet name="Sol-38" DIMID="38">
			<isKnown>false</isKnown>
			<fogColor>1.0,1.0,1.0</fogColor>
			<skyColor>0.8,0.94462836,0.9107022</skyColor>
			<gravitationalMultiplier>100</gravitationalMultiplier>
			<orbitalDistance>162</orbitalDistance>
			<orbitalPhi>-5</orbitalPhi>
			<rotationalPeriod>24000</rotationalPeriod>
			<atmosphereDensity>129</atmosphereDensity>
			<seaLevel>49</seaLevel>
			<biomeIds>biomesoplenty:mangrove,biomesoplenty:redwood_forest_edge,minecraft:mesa_rock,minecraft:swampland,minecraft:plains,advancedrocketry:deepswamp,advancedrocketry:stormland</biomeIds>
		</planet>
		<planet name="Sol-39" DIMID="39">
			<isKnown>false</isKnown>
			<fogColor>1.0,1.0,1.0</fogColor>
			<skyColor>0.12524426,0.70430666,1.0</skyColor>
			<gravitationalMultiplier>112</gravitationalMultiplier>
			<orbitalDistance>156</orbitalDistance>
			<orbitalPhi>1</orbitalPhi>
			<rotationalPeriod>17082</rotationalPeriod>
			<atmosphereDensity>21</atmosphereDensity>
			<biomeIds>advancedrocketry:moon,advancedrocketry:moondark</biomeIds>
			<planet name="Sol-39: 0" DIMID="40">
				<isKnown>false</isKnown>
				<fogColor>1.0,1.0,1.0</fogColor>
				<skyColor>0.346945,0.50087285,1.0</skyColor>
				<gravitationalMultiplier>51</gravitationalMultiplier>
				<orbitalDistance>120</orbitalDistance>
				<orbitalPhi>0</orbitalPhi>
				<rotationalPeriod>180925</rotationalPeriod>
				<atmosphereDensity>21</atmosphereDensity>
				<seaLevel>73</seaLevel>
				<biomeIds>advancedrocketry:moon,advancedrocketry:moondark</biomeIds>
				<oceanBlock>advancedrocketry:oxygenfluid</oceanBlock>
			</planet>
			<planet name="Sol-39: 1" DIMID="41">
				<isKnown>false</isKnown>
				<fogColor>1.0,1.0,1.0</fogColor>
				<skyColor>0.036279857,0.9533521,1.0</skyColor>
				<gravitationalMultiplier>65</gravitationalMultiplier>
				<orbitalDistance>172</orbitalDistance>
				<orbitalPhi>-1</orbitalPhi>
				<rotationalPeriod>87391</rotationalPeriod>
				<atmosphereDensity>22</atmosphereDensity>
				<biomeIds>advancedrocketry:moon,advancedrocketry:moondark</biomeIds>
			</planet>
		</planet>
		<planet name="Sol-42" DIMID="42">
			<isKnown>false</isKnown>
			<fogColor>1.0,1.0,1.0</fogColor>
			<skyColor>0.8,0.95963645,0.08782059</skyColor>
			<gravitationalMultiplier>101</gravitationalMultiplier>
			<orbitalDistance>95</orbitalDistance>
			<orbitalPhi>-4</orbitalPhi>
			<rotationalPeriod>23294</rotationalPeriod>
			<atmosphereDensity>165</atmosphereDensity>
			<biomeIds>advancedrocketry:hotdryrock,advancedrocketry:volcanic</biomeIds>
			<planet name="Sol-42: 0" DIMID="43">
				<isKnown>false</isKnown>
				<fogColor>1.0,1.0,1.0</fogColor>
				<skyColor>0.011219621,0.6114957,1.0</skyColor>
				<gravitationalMultiplier>61</gravitationalMultiplier>
				<orbitalDistance>174</orbitalDistance>
				<orbitalPhi>3</orbitalPhi>
				<rotationalPeriod>105735</rotationalPeriod>
				<atmosphereDensity>27</atmosphereDensity>
				<biomeIds>biomesoplenty:pasture,minecraft:desert,biomesoplenty:coral_reef,minecraft:mutated_redwood_taiga,biomesoplenty:wetland</biomeIds>
			</planet>
			<planet name="Sol-42: 1" DIMID="44">
				<isKnown>false</isKnown>
				<fogColor>1.0,1.0,1.0</fogColor>
				<skyColor>0.35108376,0.57057065,1.0</skyColor>
				<gravitationalMultiplier>35</gravitationalMultiplier>
				<orbitalDistance>139</orbitalDistance>
				<orbitalPhi>-3</orbitalPhi>
				<rotationalPeriod>559766</rotationalPeriod>
				<atmosphereDensity>34</atmosphereDensity>
				<biomeIds>biomesoplenty:grassland,advancedrocketry:oceanspires,biomesoplenty:land_of_lakes,advancedrocketry:marsh,biomesoplenty:mountain_foothills</biomeIds>
			</planet>
			<planet name="Sol-42: 2" DIMID="45">
				<isKnown>false</isKnown>
				<fogColor>1.0,1.0,1.0</fogColor>
				<skyColor>0.0,0.7111078,1.0</skyColor>
				<gravitationalMultiplier>54</gravitationalMultiplier>
				<orbitalDistance>179</orbitalDistance>
				<orbitalPhi>0</orbitalPhi>
				<rotationalPeriod>152415</rotationalPeriod>
				<atmosphereDensity>23</atmosphereDensity>
				<biomeIds>advancedrocketry:moon,advancedrocketry:moondark</biomeIds>
			</planet>
			<oceanBlock>minecraft:lava</oceanBlock>
		</planet>
		<planet name="Sol-46" DIMID="46">
			<isKnown>false</isKnown>
			<fogColor>1.0,1.0,1.0</fogColor>
			<skyColor>0.8,0.5890403,0.5382936</skyColor>
			<gravitationalMultiplier>130</gravitationalMultiplier>
			<orbitalDistance>34</orbitalDistance>
			<orbitalPhi>2</orbitalPhi>
			<rotationalPeriod>10923</rotationalPeriod>
			<atmosphereDensity>60</atmosphereDensity>
			<biomeIds>biomesoplenty:sacred_springs,biomesoplenty:kelp_forest,minecraft:frozen_ocean,minecraft:mutated_redwood_taiga_hills,minecraft:mutated_savanna_rock</biomeIds>
			<oceanBlock>minecraft:lava</oceanBlock>
		</planet>
		<planet name="Sol-47" DIMID="47">
			<isKnown>false</isKnown>
			<fogColor>1.0,1.0,1.0</fogColor>
			<skyColor>0.29864293,0.5145174,1.0</skyColor>
			<gravitationalMultiplier>110</gravitationalMultiplier>
			<orbitalDistance>117</orbitalDistance>
			<orbitalPhi>-2</orbitalPhi>
			<rotationalPeriod>18031</rotationalPeriod>
			<atmosphereDensity>13</atmosphereDensity>
			<seaLevel>74</seaLevel>
			<biomeIds>advancedrocketry:moon,advancedrocketry:moondark</biomeIds>
			<planet name="Sol-47: 0" DIMID="48">
				<isKnown>false</isKnown>
				<fogColor>1.0,1.0,1.0</fogColor>
				<skyColor>0.39185083,0.9233409,1.0</skyColor>
				<gravitationalMultiplier>75</gravitationalMultiplier>
				<orbitalDistance>135</orbitalDistance>
				<orbitalPhi>0</orbitalPhi>
				<rotationalPeriod>56888</rotationalPeriod>
				<atmosphereDensity>34</atmosphereDensity>
				<biomeIds>biomesoplenty:corrupted_sands,minecraft:mutated_swampland,minecraft:mutated_jungle,biomesoplenty:highland,biomesoplenty:mangrove</biomeIds>
			</planet>
			<planet name="Sol-47: 1" DIMID="49">
				<isKnown>false</isKnown>
				<fogColor>1.0,1.0,1.0</fogColor>
				<skyColor>0.3615662,0.79453003,1.0</skyColor>
				<gravitationalMultiplier>49</gravitationalMultiplier>
				<orbitalDistance>133</orbitalDistance>
				<orbitalPhi>0</orbitalPhi>
				<rotationalPeriod>203996</rotationalPeriod>
				<atmosphereDensity>33</atmosphereDensity>
				<biomeIds>minecraft:birch_forest,biomesoplenty:eucalyptus_forest,minecraft:desert_hills,biomesoplenty:ominous_woods,minecraft:extreme_hills_with_trees</biomeIds>
			</planet>
			<planet name="Sol-47: 2" DIMID="50">
				<isKnown>false</isKnown>
				<fogColor>1.0,1.0,1.0</fogColor>
				<skyColor>0.0,0.5223509,1.0</skyColor>
				<gravitationalMultiplier>54</gravitationalMultiplier>
				<orbitalDistance>183</orbitalDistance>
				<orbitalPhi>-4</orbitalPhi>
				<rotationalPeriod>152415</rotationalPeriod>
				<atmosphereDensity>23</atmosphereDensity>
				<biomeIds>advancedrocketry:moon,advancedrocketry:moondark</biomeIds>
			</planet>
			<oceanBlock>advancedrocketry:oxygenfluid</oceanBlock>
		</planet>
	</star>
	<star name="Proxima Centaurs" temp="200" x="-150" y="250" size="1.0" numPlanets="0" numGasGiants="0" >
		<planet name="Sol-52" DIMID="52">
			<isKnown>false</isKnown>
			<fogColor>1.0,1.0,1.0</fogColor>
			<skyColor>0.8,0.68851864,0.0</skyColor>
			<gravitationalMultiplier>130</gravitationalMultiplier>
			<orbitalDistance>53</orbitalDistance>
			<orbitalPhi>-2</orbitalPhi>
			<rotationalPeriod>10923</rotationalPeriod>
			<atmosphereDensity>138</atmosphereDensity>
			<biomeIds>advancedrocketry:hotdryrock,advancedrocketry:volcanic</biomeIds>
			<planet name="Sol-52: 0" DIMID="53">
				<isKnown>false</isKnown>
				<fogColor>1.0,1.0,1.0</fogColor>
				<skyColor>0.0,0.5601635,1.0</skyColor>
				<gravitationalMultiplier>69</gravitationalMultiplier>
				<orbitalDistance>199</orbitalDistance>
				<orbitalPhi>-3</orbitalPhi>
				<rotationalPeriod>73057</rotationalPeriod>
				<atmosphereDensity>29</atmosphereDensity>
				<biomeIds>biomesoplenty:rainforest,biomesoplenty:steppe,minecraft:mutated_birch_forest,biomesoplenty:sacred_springs,minecraft:mutated_savanna</biomeIds>
			</planet>
			<oceanBlock>minecraft:lava</oceanBlock>
		</planet>
		<planet name="Sol-54" DIMID="54">
			<isKnown>false</isKnown>
			<fogColor>1.0,1.0,1.0</fogColor>
			<skyColor>0.7390221,0.9964428,1.0</skyColor>
			<gravitationalMultiplier>130</gravitationalMultiplier>
			<orbitalDistance>141</orbitalDistance>
			<orbitalPhi>-3</orbitalPhi>
			<rotationalPeriod>10923</rotationalPeriod>
			<atmosphereDensity>82</atmosphereDensity>
			<biomeIds>minecraft:ice_flats</biomeIds>
			<planet name="Sol-54: 0" DIMID="55">
				<isKnown>false</isKnown>
				<fogColor>1.0,1.0,1.0</fogColor>
				<skyColor>0.035607696,0.6459806,1.0</skyColor>
				<gravitationalMultiplier>87</gravitationalMultiplier>
				<orbitalDistance>177</orbitalDistance>
				<orbitalPhi>-5</orbitalPhi>
				<rotationalPeriod>36446</rotationalPeriod>
				<atmosphereDensity>31</atmosphereDensity>
				<seaLevel>48</seaLevel>
				<biomeIds>biomesoplenty:fungi_forest,minecraft:desert,minecraft:mesa,futureminecraf:frozenocean,minecraft:ocean</biomeIds>
			</planet>
		</planet>
		<planet name="Sol-56" DIMID="56">
			<isKnown>false</isKnown>
			<fogColor>1.0,1.0,1.0</fogColor>
			<skyColor>0.027576506,0.57700855,1.0</skyColor>
			<gravitationalMultiplier>130</gravitationalMultiplier>
			<orbitalDistance>171</orbitalDistance>
			<orbitalPhi>3</orbitalPhi>
			<rotationalPeriod>10923</rotationalPeriod>
			<atmosphereDensity>25</atmosphereDensity>
			<biomeIds>advancedrocketry:moon,advancedrocketry:moondark</biomeIds>
		</planet>
	</star>
	<star name="Magnis Vulpes" temp="70" x="-150" y="-250" size="1.0" numPlanets="0" numGasGiants="0" >
		<planet name="Sol-57" DIMID="57">
			<isKnown>false</isKnown>
			<fogColor>1.0,1.0,1.0</fogColor>
			<skyColor>0.8,0.9971726,0.0</skyColor>
			<gravitationalMultiplier>130</gravitationalMultiplier>
			<orbitalDistance>41</orbitalDistance>
			<orbitalPhi>-6</orbitalPhi>
			<rotationalPeriod>10923</rotationalPeriod>
			<atmosphereDensity>200</atmosphereDensity>
			<biomeIds>advancedrocketry:hotdryrock,advancedrocketry:volcanic</biomeIds>
			<planet name="Sol-57: 0" DIMID="58">
				<isKnown>false</isKnown>
				<fogColor>1.0,1.0,1.0</fogColor>
				<skyColor>0.0,0.60048604,1.0</skyColor>
				<gravitationalMultiplier>68</gravitationalMultiplier>
				<orbitalDistance>166</orbitalDistance>
				<orbitalPhi>-2</orbitalPhi>
				<rotationalPeriod>76328</rotationalPeriod>
				<atmosphereDensity>14</atmosphereDensity>
				<biomeIds>advancedrocketry:moon,advancedrocketry:moondark</biomeIds>
			</planet>
			<oceanBlock>minecraft:lava</oceanBlock>
		</planet>
		<planet name="Sol-59" DIMID="59">
			<isKnown>false</isKnown>
			<fogColor>1.0,1.0,1.0</fogColor>
			<skyColor>0.8,0.7478893,0.4284572</skyColor>
			<gravitationalMultiplier>95</gravitationalMultiplier>
			<orbitalDistance>76</orbitalDistance>
			<orbitalPhi>0</orbitalPhi>
			<rotationalPeriod>27992</rotationalPeriod>
			<atmosphereDensity>117</atmosphereDensity>
			<biomeIds>minecraft:mutated_jungle_edge,minecraft:mutated_savanna,biomesoplenty:volcanic_island,biomesoplenty:brushland,biomesoplenty:visceral_heap</biomeIds>
			<oceanBlock>minecraft:lava</oceanBlock>
		</planet>
	</star>
	<star name="Ma-Roo" temp="200" x="50" y="-250" size="1.0" numPlanets="0" numGasGiants="0" >
		<planet name="Sol-67" DIMID="67">
			<isKnown>false</isKnown>
			<fogColor>1.0,1.0,1.0</fogColor>
			<skyColor>0.8,0.60199416,0.28102678</skyColor>
			<gravitationalMultiplier>101</gravitationalMultiplier>
			<orbitalDistance>81</orbitalDistance>
			<orbitalPhi>-8</orbitalPhi>
			<rotationalPeriod>23294</rotationalPeriod>
			<atmosphereDensity>127</atmosphereDensity>
			<seaLevel>76</seaLevel>
			<biomeIds>biomesoplenty:lush_desert,minecraft:mutated_savanna_rock,minecraft:mutated_mesa_clear_rock,biomesoplenty:brushland,minecraft:jungle,advancedrocketry:deepswamp,advancedrocketry:stormland</biomeIds>
			<oceanBlock>minecraft:lava</oceanBlock>
		</planet>
		<planet name="Sol-68" DIMID="68">
			<isKnown>false</isKnown>
			<fogColor>1.0,1.0,1.0</fogColor>
			<skyColor>0.8,0.766743,0.57855856</skyColor>
			<gravitationalMultiplier>129</gravitationalMultiplier>
			<orbitalDistance>83</orbitalDistance>
			<orbitalPhi>-2</orbitalPhi>
			<rotationalPeriod>11180</rotationalPeriod>
			<atmosphereDensity>94</atmosphereDensity>
			<biomeIds>advancedrocketry:crystalchasms</biomeIds>
			<planet name="Sol-68: 0" DIMID="69">
				<isKnown>false</isKnown>
				<fogColor>1.0,1.0,1.0</fogColor>
				<skyColor>0.093462944,0.6568235,1.0</skyColor>
				<gravitationalMultiplier>88</gravitationalMultiplier>
				<orbitalDistance>170</orbitalDistance>
				<orbitalPhi>1</orbitalPhi>
				<rotationalPeriod>35217</rotationalPeriod>
				<atmosphereDensity>32</atmosphereDensity>
				<biomeIds>biomesoplenty:woodland,biomesoplenty:bamboo_forest,biomesoplenty:outback,biomesoplenty:brushland,biomesoplenty:redwood_forest_edge</biomeIds>
			</planet>
			<planet name="Sol-68: 1" DIMID="70">
				<isKnown>false</isKnown>
				<fogColor>1.0,1.0,1.0</fogColor>
				<skyColor>0.24984157,0.9353559,1.0</skyColor>
				<gravitationalMultiplier>69</gravitationalMultiplier>
				<orbitalDistance>141</orbitalDistance>
				<orbitalPhi>0</orbitalPhi>
				<rotationalPeriod>73057</rotationalPeriod>
				<atmosphereDensity>23</atmosphereDensity>
				<seaLevel>49</seaLevel>
				<biomeIds>advancedrocketry:moon,advancedrocketry:moondark</biomeIds>
			</planet>
			<oceanBlock>minecraft:lava</oceanBlock>
		</planet>
		<planet name="Sol-71" DIMID="71">
			<isKnown>false</isKnown>
			<fogColor>1.0,1.0,1.0</fogColor>
			<skyColor>0.0,0.5858153,1.0</skyColor>
			<gravitationalMultiplier>112</gravitationalMultiplier>
			<orbitalDistance>149</orbitalDistance>
			<orbitalPhi>-1</orbitalPhi>
			<rotationalPeriod>17082</rotationalPeriod>
			<atmosphereDensity>0</atmosphereDensity>
			<biomeIds>advancedrocketry:moon,advancedrocketry:moondark</biomeIds>
			<planet name="Sol-71: 0" DIMID="72">
				<isKnown>false</isKnown>
				<fogColor>1.0,1.0,1.0</fogColor>
				<skyColor>0.22527981,0.8399465,1.0</skyColor>
				<gravitationalMultiplier>39</gravitationalMultiplier>
				<orbitalDistance>145</orbitalDistance>
				<orbitalPhi>-5</orbitalPhi>
				<rotationalPeriod>404592</rotationalPeriod>
				<atmosphereDensity>28</atmosphereDensity>
				<biomeIds>biomesoplenty:outback,biomesoplenty:land_of_lakes,biomesoplenty:prairie,minecraft:mutated_roofed_forest,minecraft:desert</biomeIds>
			</planet>
			<planet name="Sol-71: 1" DIMID="73">
				<isKnown>false</isKnown>
				<fogColor>1.0,1.0,1.0</fogColor>
				<skyColor>0.33424687,0.98274815,1.0</skyColor>
				<gravitationalMultiplier>79</gravitationalMultiplier>
				<orbitalDistance>122</orbitalDistance>
				<orbitalPhi>2</orbitalPhi>
				<rotationalPeriod>48677</rotationalPeriod>
				<atmosphereDensity>21</atmosphereDensity>
				<biomeIds>advancedrocketry:moon,advancedrocketry:moondark</biomeIds>
			</planet>
		</planet>
		<planet name="Sol-60" DIMID="60">
			<isKnown>false</isKnown>
			<fogColor>1.0,1.0,1.0</fogColor>
			<skyColor>0.8,0.7236492,0.0</skyColor>
			<gravitationalMultiplier>123</gravitationalMultiplier>
			<orbitalDistance>13</orbitalDistance>
			<orbitalPhi>-4</orbitalPhi>
			<rotationalPeriod>12897</rotationalPeriod>
			<atmosphereDensity>157</atmosphereDensity>
			<biomeIds>advancedrocketry:hotdryrock,advancedrocketry:volcanic</biomeIds>
			<planet name="Sol-60: 0" DIMID="61">
				<isKnown>false</isKnown>
				<fogColor>1.0,1.0,1.0</fogColor>
				<skyColor>0.22005075,0.6404277,1.0</skyColor>
				<gravitationalMultiplier>66</gravitationalMultiplier>
				<orbitalDistance>146</orbitalDistance>
				<orbitalPhi>-10</orbitalPhi>
				<rotationalPeriod>83479</rotationalPeriod>
				<atmosphereDensity>21</atmosphereDensity>
				<seaLevel>75</seaLevel>
				<biomeIds>advancedrocketry:moon,advancedrocketry:moondark</biomeIds>
				<oceanBlock>advancedrocketry:oxygenfluid</oceanBlock>
			</planet>
			<oceanBlock>minecraft:lava</oceanBlock>
		</planet>
		<planet name="Sol-62" DIMID="62">
			<isKnown>false</isKnown>
			<fogColor>1.0,1.0,1.0</fogColor>
			<skyColor>0.7791693,0.6216122,1.0</skyColor>
			<gravitationalMultiplier>130</gravitationalMultiplier>
			<orbitalDistance>173</orbitalDistance>
			<orbitalPhi>2</orbitalPhi>
			<rotationalPeriod>10923</rotationalPeriod>
			<atmosphereDensity>109</atmosphereDensity>
			<biomeIds>advancedrocketry:crystalchasms</biomeIds>
		</planet>
		<planet name="Sol-63" DIMID="63">
			<isKnown>false</isKnown>
			<fogColor>1.0,1.0,1.0</fogColor>
			<skyColor>0.0,0.99680936,1.0</skyColor>
			<gravitationalMultiplier>112</gravitationalMultiplier>
			<orbitalDistance>200</orbitalDistance>
			<orbitalPhi>0</orbitalPhi>
			<rotationalPeriod>17082</rotationalPeriod>
			<atmosphereDensity>0</atmosphereDensity>
			<biomeIds>advancedrocketry:moon,advancedrocketry:moondark</biomeIds>
			<planet name="Sol-63: 0" DIMID="64">
				<isKnown>false</isKnown>
				<fogColor>1.0,1.0,1.0</fogColor>
				<skyColor>0.0,0.72453606,1.0</skyColor>
				<gravitationalMultiplier>72</gravitationalMultiplier>
				<orbitalDistance>182</orbitalDistance>
				<orbitalPhi>-2</orbitalPhi>
				<rotationalPeriod>64300</rotationalPeriod>
				<atmosphereDensity>25</atmosphereDensity>
				<biomeIds>advancedrocketry:moon,advancedrocketry:moondark</biomeIds>
			</planet>
			<planet name="Sol-63: 1" DIMID="65">
				<isKnown>false</isKnown>
				<fogColor>1.0,1.0,1.0</fogColor>
				<skyColor>0.5786241,0.806242,1.0</skyColor>
				<gravitationalMultiplier>70</gravitationalMultiplier>
				<orbitalDistance>116</orbitalDistance>
				<orbitalPhi>-4</orbitalPhi>
				<rotationalPeriod>69970</rotationalPeriod>
				<atmosphereDensity>37</atmosphereDensity>
				<biomeIds>biomesoplenty:shrubland,biomesoplenty:white_beach,minecraft:mutated_desert,biomesoplenty:mystic_grove,minecraft:savanna_rock</biomeIds>
			</planet>
			<planet name="Sol-63: 2" DIMID="66">
				<isKnown>false</isKnown>
				<fogColor>1.0,1.0,1.0</fogColor>
				<skyColor>0.0,0.9826175,1.0</skyColor>
				<gravitationalMultiplier>47</gravitationalMultiplier>
				<orbitalDistance>182</orbitalDistance>
				<orbitalPhi>-1</orbitalPhi>
				<rotationalPeriod>231162</rotationalPeriod>
				<atmosphereDensity>17</atmosphereDensity>
				<biomeIds>advancedrocketry:moon,advancedrocketry:moondark</biomeIds>
			</planet>
		</planet>
	</star>
	<star name="Alykitt" temp="120" x="75" y="200" size="1.0" numPlanets="0" numGasGiants="0" >
		<planet name="Sol-74" DIMID="74">
			<isKnown>false</isKnown>
			<GasGiant>true</GasGiant>
			<gas>hydrogen</gas>
			<gas>nitrogen</gas>
			<gas>oxygen</gas>
			<fogColor>1.0,1.0,1.0</fogColor>
			<skyColor>1.0,1.0,1.0</skyColor>
			<gravitationalMultiplier>130</gravitationalMultiplier>
			<orbitalDistance>200</orbitalDistance>
			<orbitalPhi>0</orbitalPhi>
			<rotationalPeriod>24000</rotationalPeriod>
			<atmosphereDensity>139</atmosphereDensity>
			<planet name="Sol-74: 0" DIMID="75">
				<isKnown>false</isKnown>
				<fogColor>1.0,1.0,1.0</fogColor>
				<skyColor>0.2880311,0.85373664,1.0</skyColor>
				<gravitationalMultiplier>62</gravitationalMultiplier>
				<orbitalDistance>147</orbitalDistance>
				<orbitalPhi>6</orbitalPhi>
				<rotationalPeriod>100701</rotationalPeriod>
				<atmosphereDensity>35</atmosphereDensity>
				<biomeIds>biomesoplenty:outback,biomesoplenty:orchard,biomesoplenty:eucalyptus_forest,advancedrocketry:oceanspires,biomesoplenty:overgrown_cliffs</biomeIds>
			</planet>
			<planet name="Sol-74: 1" DIMID="76">
				<isKnown>false</isKnown>
				<fogColor>1.0,1.0,1.0</fogColor>
				<skyColor>0.32577735,0.87905395,1.0</skyColor>
				<gravitationalMultiplier>58</gravitationalMultiplier>
				<orbitalDistance>146</orbitalDistance>
				<orbitalPhi>-2</orbitalPhi>
				<rotationalPeriod>116857</rotationalPeriod>
				<atmosphereDensity>35</atmosphereDensity>
				<biomeIds>biomesoplenty:grove,minecraft:mutated_desert,minecraft:mutated_birch_forest_hills,minecraft:mutated_jungle,biomesoplenty:undergarden</biomeIds>
			</planet>
		</planet>
		<planet name="Sol-77" DIMID="77">
			<isKnown>false</isKnown>
			<fogColor>1.0,1.0,1.0</fogColor>
			<skyColor>0.8,0.9798487,0.03005594</skyColor>
			<gravitationalMultiplier>88</gravitationalMultiplier>
			<orbitalDistance>98</orbitalDistance>
			<orbitalPhi>-2</orbitalPhi>
			<rotationalPeriod>35217</rotationalPeriod>
			<atmosphereDensity>169</atmosphereDensity>
			<biomeIds>advancedrocketry:hotdryrock,advancedrocketry:volcanic</biomeIds>
			<oceanBlock>minecraft:lava</oceanBlock>
		</planet>
		<planet name="Sol-78" DIMID="78">
			<isKnown>false</isKnown>
			<fogColor>1.0,1.0,1.0</fogColor>
			<skyColor>0.8,0.8101132,0.35170048</skyColor>
			<gravitationalMultiplier>99</gravitationalMultiplier>
			<orbitalDistance>109</orbitalDistance>
			<orbitalPhi>2</orbitalPhi>
			<rotationalPeriod>24734</rotationalPeriod>
			<atmosphereDensity>140</atmosphereDensity>
			<biomeIds>minecraft:mutated_extreme_hills,minecraft:mutated_mesa_clear_rock,minecraft:ocean,biomesoplenty:orchard,biomesoplenty:wetland,advancedrocketry:deepswamp,advancedrocketry:stormland</biomeIds>
			<oceanBlock>minecraft:lava</oceanBlock>
		</planet>
		<planet name="Sol-79" DIMID="79">
			<isKnown>false</isKnown>
			<fogColor>1.0,1.0,1.0</fogColor>
			<skyColor>0.3064415,0.7947717,1.0</skyColor>
			<gravitationalMultiplier>130</gravitationalMultiplier>
			<orbitalDistance>169</orbitalDistance>
			<orbitalPhi>-2</orbitalPhi>
			<rotationalPeriod>10923</rotationalPeriod>
			<atmosphereDensity>53</atmosphereDensity>
			<seaLevel>77</seaLevel>
			<biomeIds>biomesoplenty:phantasmagoric_inferno,biomesoplenty:marsh,biomesoplenty:highland,biomesoplenty:mangrove,minecraft:mutated_swampland</biomeIds>
			<planet name="Sol-79: 0" DIMID="80">
				<isKnown>false</isKnown>
				<fogColor>1.0,1.0,1.0</fogColor>
				<skyColor>0.0,0.8517616,1.0</skyColor>
				<gravitationalMultiplier>71</gravitationalMultiplier>
				<orbitalDistance>202</orbitalDistance>
				<orbitalPhi>-3</orbitalPhi>
				<rotationalPeriod>67055</rotationalPeriod>
				<atmosphereDensity>19</atmosphereDensity>
				<biomeIds>advancedrocketry:moon,advancedrocketry:moondark</biomeIds>
			</planet>
			<planet name="Sol-79: 1" DIMID="81">
				<isKnown>false</isKnown>
				<fogColor>1.0,1.0,1.0</fogColor>
				<skyColor>0.004149139,0.87351215,1.0</skyColor>
				<gravitationalMultiplier>69</gravitationalMultiplier>
				<orbitalDistance>169</orbitalDistance>
				<orbitalPhi>0</orbitalPhi>
				<rotationalPeriod>73057</rotationalPeriod>
				<atmosphereDensity>21</atmosphereDensity>
				<seaLevel>76</seaLevel>
				<biomeIds>advancedrocketry:moon,advancedrocketry:moondark</biomeIds>
				<oceanBlock>advancedrocketry:oxygenfluid</oceanBlock>
			</planet>
		</planet>
	</star>
</galaxy>