<galaxy>
	<star name="Sol" temp="100" x="0" y="0" size="1.0" numPlanets="0" numGasGiants="0" >
		<planet name="Earth" DIMID="0" dimMapping="">
			<isKnown>true</isKnown>
			<fogColor>1.0,1.0,1.0</fogColor>
			<skyColor>1.0,1.0,1.0</skyColor>
			<gravitationalMultiplier>100</gravitationalMultiplier>
			<orbitalDistance>100</orbitalDistance>
			<orbitalPhi>0</orbitalPhi>
			<rotationalPeriod>24000</rotationalPeriod>
			<atmosphereDensity>100</atmosphereDensity>
			<planet name="Luna" DIMID="2">
				<isKnown>false</isKnown>
				<fogColor>1.0,1.0,1.0</fogColor>
				<skyColor>1.0,1.0,1.0</skyColor>
				<gravitationalMultiplier>16</gravitationalMultiplier>
				<orbitalDistance>150</orbitalDistance>
				<orbitalPhi>0</orbitalPhi>
				<rotationalPeriod>128000</rotationalPeriod>
				<atmosphereDensity>0</atmosphereDensity>
				<biomeIds>advancedrocketry:moon,advancedrocketry:moondark</biomeIds>
			</planet>
		</planet>
		<planet name="Sol-16" DIMID="16">
			<isKnown>false</isKnown>
			<fogColor>1.0,1.0,1.0</fogColor>
			<skyColor>0.37275314,0.7196089,1.0</skyColor>
			<gravitationalMultiplier>130</gravitationalMultiplier>
			<orbitalDistance>90</orbitalDistance>
			<orbitalPhi>2</orbitalPhi>
			<rotationalPeriod>10923</rotationalPeriod>
			<atmosphereDensity>0</atmosphereDensity>
			<biomeIds>advancedrocketry:moon,advancedrocketry:moondark</biomeIds>
			<planet name="Sol-16: 0" DIMID="17">
				<isKnown>false</isKnown>
				<fogColor>1.0,1.0,1.0</fogColor>
				<skyColor>0.0,0.50505984,1.0</skyColor>
				<gravitationalMultiplier>52</gravitationalMultiplier>
				<orbitalDistance>198</orbitalDistance>
				<orbitalPhi>-2</orbitalPhi>
				<rotationalPeriod>161206</rotationalPeriod>
				<atmosphereDensity>23</atmosphereDensity>
				<biomeIds>advancedrocketry:moon,advancedrocketry:moondark</biomeIds>
			</planet>
		</planet>
		<planet name="Sol-18" DIMID="18">
			<isKnown>false</isKnown>
			<fogColor>1.0,1.0,1.0</fogColor>
			<skyColor>0.8,0.84244514,0.04825586</skyColor>
			<gravitationalMultiplier>130</gravitationalMultiplier>
			<orbitalDistance>115</orbitalDistance>
			<orbitalPhi>0</orbitalPhi>
			<rotationalPeriod>10923</rotationalPeriod>
			<atmosphereDensity>184</atmosphereDensity>
			<biomeIds>advancedrocketry:hotdryrock,advancedrocketry:volcanic</biomeIds>
			<planet name="Sol-18: 0" DIMID="19">
				<isKnown>false</isKnown>
				<fogColor>1.0,1.0,1.0</fogColor>
				<skyColor>0.46208942,0.87009513,1.0</skyColor>
				<gravitationalMultiplier>63</gravitationalMultiplier>
				<orbitalDistance>109</orbitalDistance>
				<orbitalPhi>1</orbitalPhi>
				<rotationalPeriod>95981</rotationalPeriod>
				<atmosphereDensity>25</atmosphereDensity>
				<biomeIds>advancedrocketry:moon,advancedrocketry:moondark</biomeIds>
			</planet>
			<planet name="Sol-18: 1" DIMID="20">
				<isKnown>false</isKnown>
				<fogColor>1.0,1.0,1.0</fogColor>
				<skyColor>0.0,0.96512735,1.0</skyColor>
				<gravitationalMultiplier>82</gravitationalMultiplier>
				<orbitalDistance>191</orbitalDistance>
				<orbitalPhi>-6</orbitalPhi>
				<rotationalPeriod>43528</rotationalPeriod>
				<atmosphereDensity>19</atmosphereDensity>
				<biomeIds>advancedrocketry:moon,advancedrocketry:moondark</biomeIds>
			</planet>
			<oceanBlock>minecraft:lava</oceanBlock>
		</planet>
		<planet name="Sol-3" DIMID="3">
			<isKnown>false</isKnown>
			<GasGiant>true</GasGiant>
			<gas>oxygen</gas>
			<gas>hydrogen</gas>
			<gas>nitrogen</gas>
			<fogColor>1.0,1.0,1.0</fogColor>
			<skyColor>1.0,1.0,1.0</skyColor>
			<gravitationalMultiplier>130</gravitationalMultiplier>
			<orbitalDistance>200</orbitalDistance>
			<orbitalPhi>0</orbitalPhi>
			<rotationalPeriod>24000</rotationalPeriod>
			<atmosphereDensity>137</atmosphereDensity>
			<planet name="Sol-3: 0" DIMID="4">
				<isKnown>false</isKnown>
				<fogColor>1.0,1.0,1.0</fogColor>
				<skyColor>0.46837944,0.628806,1.0</skyColor>
				<gravitationalMultiplier>73</gravitationalMultiplier>
				<orbitalDistance>119</orbitalDistance>
				<orbitalPhi>-1</orbitalPhi>
				<rotationalPeriod>61693</rotationalPeriod>
				<atmosphereDensity>30</atmosphereDensity>
				<biomeIds>biomesoplenty:phantasmagoric_inferno,biomesoplenty:outback,minecraft:mutated_mesa,biomesoplenty:overgrown_cliffs,biomesoplenty:eucalyptus_forest</biomeIds>
			</planet>
			<planet name="Sol-3: 1" DIMID="5">
				<isKnown>false</isKnown>
				<fogColor>1.0,1.0,1.0</fogColor>
				<skyColor>0.0,0.6580635,1.0</skyColor>
				<gravitationalMultiplier>61</gravitationalMultiplier>
				<orbitalDistance>183</orbitalDistance>
				<orbitalPhi>0</orbitalPhi>
				<rotationalPeriod>105735</rotationalPeriod>
				<atmosphereDensity>37</atmosphereDensity>
				<biomeIds>biomesoplenty:overgrown_cliffs,biomesoplenty:prairie,biomesoplenty:rainforest,minecraft:mutated_savanna_rock,biomesoplenty:mystic_grove</biomeIds>
			</planet>
		</planet>
		<planet name="Sol-21" DIMID="21">
			<isKnown>false</isKnown>
			<fogColor>1.0,1.0,1.0</fogColor>
			<skyColor>0.35671204,0.5573989,1.0</skyColor>
			<gravitationalMultiplier>130</gravitationalMultiplier>
			<orbitalDistance>174</orbitalDistance>
			<orbitalPhi>0</orbitalPhi>
			<rotationalPeriod>10923</rotationalPeriod>
			<atmosphereDensity>70</atmosphereDensity>
			<biomeIds>biomesoplenty:volcanic_island,biomesoplenty:mangrove,minecraft:swampland,biomesoplenty:ominous_woods,biomesoplenty:origin_island</biomeIds>
			<planet name="Sol-21: 0" DIMID="22">
				<isKnown>false</isKnown>
				<fogColor>1.0,1.0,1.0</fogColor>
				<skyColor>0.24434423,0.66759956,1.0</skyColor>
				<gravitationalMultiplier>71</gravitationalMultiplier>
				<orbitalDistance>141</orbitalDistance>
				<orbitalPhi>-7</orbitalPhi>
				<rotationalPeriod>67055</rotationalPeriod>
				<atmosphereDensity>32</atmosphereDensity>
				<biomeIds>biomesoplenty:lavender_fields,biomesoplenty:pasture,minecraft:mutated_birch_forest_hills,biomesoplenty:phantasmagoric_inferno,biomesoplenty:marsh</biomeIds>
			</planet>
			<planet name="Sol-21: 1" DIMID="23">
				<isKnown>false</isKnown>
				<fogColor>1.0,1.0,1.0</fogColor>
				<skyColor>0.07972634,0.9580636,1.0</skyColor>
				<gravitationalMultiplier>43</gravitationalMultiplier>
				<orbitalDistance>155</orbitalDistance>
				<orbitalPhi>0</orbitalPhi>
				<rotationalPeriod>301860</rotationalPeriod>
				<atmosphereDensity>19</atmosphereDensity>
				<biomeIds>advancedrocketry:moon,advancedrocketry:moondark</biomeIds>
			</planet>
			<planet name="Sol-21: 2" DIMID="24">
				<isKnown>false</isKnown>
				<fogColor>1.0,1.0,1.0</fogColor>
				<skyColor>0.20876378,0.6752756,1.0</skyColor>
				<gravitationalMultiplier>68</gravitationalMultiplier>
				<orbitalDistance>138</orbitalDistance>
				<orbitalPhi>0</orbitalPhi>
				<rotationalPeriod>76328</rotationalPeriod>
				<atmosphereDensity>16</atmosphereDensity>
				<biomeIds>advancedrocketry:moon,advancedrocketry:moondark</biomeIds>
			</planet>
		</planet>
		<planet name="Sol-6" DIMID="6">
			<isKnown>false</isKnown>
			<fogColor>1.0,1.0,1.0</fogColor>
			<skyColor>0.8,0.7295105,0.033795297</skyColor>
			<gravitationalMultiplier>130</gravitationalMultiplier>
			<orbitalDistance>37</orbitalDistance>
			<orbitalPhi>-5</orbitalPhi>
			<rotationalPeriod>10923</rotationalPeriod>
			<atmosphereDensity>127</atmosphereDensity>
			<biomeIds>advancedrocketry:hotdryrock,advancedrocketry:volcanic</biomeIds>
			<oceanBlock>minecraft:lava</oceanBlock>
		</planet>
		<planet name="Sol-7" DIMID="7">
			<isKnown>false</isKnown>
			<fogColor>1.0,1.0,1.0</fogColor>
			<skyColor>0.8,0.8031285,0.7662528</skyColor>
			<gravitationalMultiplier>120</gravitationalMultiplier>
			<orbitalDistance>111</orbitalDistance>
			<orbitalPhi>6</orbitalPhi>
			<rotationalPeriod>13888</rotationalPeriod>
			<atmosphereDensity>106</atmosphereDensity>
			<biomeIds>biomesoplenty:mystic_grove,minecraft:mushroom_island_shore,biomesoplenty:lavender_fields,biomesoplenty:pasture,minecraft:mutated_jungle</biomeIds>
			<planet name="Sol-7: 0" DIMID="8">
				<isKnown>false</isKnown>
				<fogColor>1.0,1.0,1.0</fogColor>
				<skyColor>0.1793096,0.5575372,1.0</skyColor>
				<gravitationalMultiplier>51</gravitationalMultiplier>
				<orbitalDistance>155</orbitalDistance>
				<orbitalPhi>-1</orbitalPhi>
				<rotationalPeriod>180925</rotationalPeriod>
				<atmosphereDensity>26</atmosphereDensity>
				<biomeIds>biomesoplenty:moor,minecraft:jungle_edge,minecraft:mutated_mesa,biomesoplenty:redwood_forest,minecraft:forest_hills</biomeIds>
			</planet>
			<planet name="Sol-7: 1" DIMID="9">
				<isKnown>false</isKnown>
				<fogColor>1.0,1.0,1.0</fogColor>
				<skyColor>0.268304,0.6256183,1.0</skyColor>
				<gravitationalMultiplier>52</gravitationalMultiplier>
				<orbitalDistance>122</orbitalDistance>
				<orbitalPhi>-3</orbitalPhi>
				<rotationalPeriod>170687</rotationalPeriod>
				<atmosphereDensity>15</atmosphereDensity>
				<biomeIds>advancedrocketry:moon,advancedrocketry:moondark</biomeIds>
			</planet>
			<planet name="Sol-7: 2" DIMID="10">
				<isKnown>false</isKnown>
				<fogColor>1.0,1.0,1.0</fogColor>
				<skyColor>0.3685978,0.8773365,1.0</skyColor>
				<gravitationalMultiplier>77</gravitationalMultiplier>
				<orbitalDistance>134</orbitalDistance>
				<orbitalPhi>-2</orbitalPhi>
				<rotationalPeriod>52570</rotationalPeriod>
				<atmosphereDensity>31</atmosphereDensity>
				<seaLevel>81</seaLevel>
				<biomeIds>biomesoplenty:white_beach,biomesoplenty:outback,minecraft:mutated_extreme_hills_with_trees,minecraft:mutated_jungle_edge,biomesoplenty:rainforest</biomeIds>
			</planet>
		</planet>
		<planet name="Sol-25" DIMID="25">
			<isKnown>false</isKnown>
			<fogColor>1.0,1.0,1.0</fogColor>
			<skyColor>0.8,0.80447465,0.5225133</skyColor>
			<gravitationalMultiplier>116</gravitationalMultiplier>
			<orbitalDistance>11</orbitalDistance>
			<orbitalPhi>0</orbitalPhi>
			<rotationalPeriod>15375</rotationalPeriod>
			<atmosphereDensity>44</atmosphereDensity>
			<biomeIds>biomesoplenty:ominous_woods,minecraft:mutated_plains,minecraft:frozen_ocean,minecraft:mutated_mesa_clear_rock,biomesoplenty:mangrove</biomeIds>
			<planet name="Sol-25: 0" DIMID="26">
				<isKnown>false</isKnown>
				<fogColor>1.0,1.0,1.0</fogColor>
				<skyColor>0.56168294,0.64057827,1.0</skyColor>
				<gravitationalMultiplier>40</gravitationalMultiplier>
				<orbitalDistance>104</orbitalDistance>
				<orbitalPhi>0</orbitalPhi>
				<rotationalPeriod>375000</rotationalPeriod>
				<atmosphereDensity>36</atmosphereDensity>
				<biomeIds>biomesoplenty:mountain_foothills,minecraft:savanna,minecraft:mutated_savanna_rock,biomesoplenty:flower_field,minecraft:mutated_jungle_edge</biomeIds>
			</planet>
			<planet name="Sol-25: 1" DIMID="27">
				<isKnown>false</isKnown>
				<fogColor>1.0,1.0,1.0</fogColor>
				<skyColor>0.12012124,0.9022387,1.0</skyColor>
				<gravitationalMultiplier>41</gravitationalMultiplier>
				<orbitalDistance>144</orbitalDistance>
				<orbitalPhi>-3</orbitalPhi>
				<rotationalPeriod>348224</rotationalPeriod>
				<atmosphereDensity>19</atmosphereDensity>
				<biomeIds>advancedrocketry:moon,advancedrocketry:moondark</biomeIds>
			</planet>
			<oceanBlock>minecraft:lava</oceanBlock>
		</planet>
		<planet name="Sol-11" DIMID="11">
			<isKnown>false</isKnown>
			<fogColor>1.0,1.0,1.0</fogColor>
			<skyColor>0.0,0.6713713,1.0</skyColor>
			<gravitationalMultiplier>99</gravitationalMultiplier>
			<orbitalDistance>182</orbitalDistance>
			<orbitalPhi>0</orbitalPhi>
			<rotationalPeriod>24734</rotationalPeriod>
			<atmosphereDensity>0</atmosphereDensity>
			<seaLevel>64</seaLevel>
			<biomeIds>advancedrocketry:moon,advancedrocketry:moondark</biomeIds>
		</planet>
		<planet name="Sol-12" DIMID="12">
			<isKnown>false</isKnown>
			<fogColor>1.0,1.0,1.0</fogColor>
			<skyColor>0.8,0.6192626,0.16553795</skyColor>
			<gravitationalMultiplier>130</gravitationalMultiplier>
			<orbitalDistance>109</orbitalDistance>
			<orbitalPhi>-6</orbitalPhi>
			<rotationalPeriod>10923</rotationalPeriod>
			<atmosphereDensity>172</atmosphereDensity>
			<biomeIds>advancedrocketry:hotdryrock,advancedrocketry:volcanic</biomeIds>
			<planet name="Sol-12: 0" DIMID="13">
				<isKnown>false</isKnown>
				<fogColor>1.0,1.0,1.0</fogColor>
				<skyColor>0.0,0.98968434,1.0</skyColor>
				<gravitationalMultiplier>67</gravitationalMultiplier>
				<orbitalDistance>172</orbitalDistance>
				<orbitalPhi>-6</orbitalPhi>
				<rotationalPeriod>79797</rotationalPeriod>
				<atmosphereDensity>17</atmosphereDensity>
				<biomeIds>advancedrocketry:moon,advancedrocketry:moondark</biomeIds>
			</planet>
			<planet name="Sol-12: 1" DIMID="14">
				<isKnown>false</isKnown>
				<fogColor>1.0,1.0,1.0</fogColor>
				<skyColor>0.0689106,0.54097223,1.0</skyColor>
				<gravitationalMultiplier>50</gravitationalMultiplier>
				<orbitalDistance>177</orbitalDistance>
				<orbitalPhi>-3</orbitalPhi>
				<rotationalPeriod>192000</rotationalPeriod>
				<atmosphereDensity>34</atmosphereDensity>
				<biomeIds>biomesoplenty:prairie,biomesoplenty:bayou,minecraft:roofed_forest,minecraft:ocean,biomesoplenty:flower_field</biomeIds>
			</planet>
			<oceanBlock>minecraft:lava</oceanBlock>
		</planet>
		<planet name="Sol-15" DIMID="15">
			<isKnown>false</isKnown>
			<fogColor>1.0,1.0,1.0</fogColor>
			<skyColor>0.8,0.718819,0.26051074</skyColor>
			<gravitationalMultiplier>112</gravitationalMultiplier>
			<orbitalDistance>7</orbitalDistance>
			<orbitalPhi>-1</orbitalPhi>
			<rotationalPeriod>17082</rotationalPeriod>
			<atmosphereDensity>72</atmosphereDensity>
			<biomeIds>biomesoplenty:xeric_shrubland,minecraft:mutated_mesa_clear_rock,biomesoplenty:oasis,biomesoplenty:coral_reef,advancedrocketry:oceanspires</biomeIds>
			<oceanBlock>minecraft:lava</oceanBlock>
		</planet>
	</star>
	<star name="Wolf 12" temp="10" x="300" y="-200" size="1.0" numPlanets="0" numGasGiants="0" >
		<planet name="Sol-33" DIMID="33">
			<isKnown>false</isKnown>
			<fogColor>1.0,1.0,1.0</fogColor>
			<skyColor>0.8,0.6490685,0.0</skyColor>
			<gravitationalMultiplier>109</gravitationalMultiplier>
			<orbitalDistance>22</orbitalDistance>
			<orbitalPhi>1</orbitalPhi>
			<rotationalPeriod>18532</rotationalPeriod>
			<atmosphereDensity>127</atmosphereDensity>
			<seaLevel>68</seaLevel>
			<biomeIds>advancedrocketry:hotdryrock,advancedrocketry:volcanic</biomeIds>
			<planet name="Sol-33: 0" DIMID="34">
				<isKnown>false</isKnown>
				<fogColor>1.0,1.0,1.0</fogColor>
				<skyColor>0.0,0.88884854,1.0</skyColor>
				<gravitationalMultiplier>63</gravitationalMultiplier>
				<orbitalDistance>194</orbitalDistance>
				<orbitalPhi>-2</orbitalPhi>
				<rotationalPeriod>95981</rotationalPeriod>
				<atmosphereDensity>24</atmosphereDensity>
				<seaLevel>44</seaLevel>
				<biomeIds>advancedrocketry:moon,advancedrocketry:moondark</biomeIds>
			</planet>
			<planet name="Sol-33: 1" DIMID="35">
				<isKnown>false</isKnown>
				<fogColor>1.0,1.0,1.0</fogColor>
				<skyColor>0.36751884,0.93799114,1.0</skyColor>
				<gravitationalMultiplier>51</gravitationalMultiplier>
				<orbitalDistance>125</orbitalDistance>
				<orbitalPhi>-3</orbitalPhi>
				<rotationalPeriod>180925</rotationalPeriod>
				<atmosphereDensity>34</atmosphereDensity>
				<biomeIds>minecraft:beaches,minecraft:extreme_hills,biomesoplenty:cherry_blossom_grove,biomesoplenty:ominous_woods,minecraft:savanna_rock</biomeIds>
			</planet>
			<planet name="Sol-33: 2" DIMID="36">
				<isKnown>false</isKnown>
				<fogColor>1.0,1.0,1.0</fogColor>
				<skyColor>0.0,0.8826721,1.0</skyColor>
				<gravitationalMultiplier>35</gravitationalMultiplier>
				<orbitalDistance>193</orbitalDistance>
				<orbitalPhi>0</orbitalPhi>
				<rotationalPeriod>559766</rotationalPeriod>
				<atmosphereDensity>36</atmosphereDensity>
				<biomeIds>minecraft:jungle_hills,minecraft:forest,minecraft:mutated_extreme_hills,biomesoplenty:grassland,biomesoplenty:fungi_forest</biomeIds>
			</planet>
			<oceanBlock>minecraft:lava</oceanBlock>
		</planet>
		<planet name="Sol-28" DIMID="28">
			<isKnown>false</isKnown>
			<fogColor>1.0,1.0,1.0</fogColor>
			<skyColor>0.8,0.77084005,0.0</skyColor>
			<gravitationalMultiplier>95</gravitationalMultiplier>
			<orbitalDistance>29</orbitalDistance>
			<orbitalPhi>3</orbitalPhi>
			<rotationalPeriod>27992</rotationalPeriod>
			<atmosphereDensity>165</atmosphereDensity>
			<seaLevel>57</seaLevel>
			<biomeIds>advancedrocketry:hotdryrock,advancedrocketry:volcanic</biomeIds>
			<oceanBlock>minecraft:lava</oceanBlock>
		</planet>
		<planet name="Sol-29" DIMID="29">
			<isKnown>false</isKnown>
			<fogColor>1.0,1.0,1.0</fogColor>
			<skyColor>0.8,0.6506125,0.9493883</skyColor>
			<gravitationalMultiplier>89</gravitationalMultiplier>
			<orbitalDistance>119</orbitalDistance>
			<orbitalPhi>-4</orbitalPhi>
			<rotationalPeriod>34044</rotationalPeriod>
			<atmosphereDensity>91</atmosphereDensity>
			<biomeIds>minecraft:mesa_rock,biomesoplenty:grove,biomesoplenty:moor,biomesoplenty:redwood_forest,minecraft:ocean</biomeIds>
		</planet>
		<planet name="Sol-30" DIMID="30">
			<isKnown>false</isKnown>
			<fogColor>1.0,1.0,1.0</fogColor>
			<skyColor>0.1980958,0.92319995,1.0</skyColor>
			<gravitationalMultiplier>95</gravitationalMultiplier>
			<orbitalDistance>123</orbitalDistance>
			<orbitalPhi>0</orbitalPhi>
			<rotationalPeriod>27992</rotationalPeriod>
			<atmosphereDensity>9</atmosphereDensity>
			<seaLevel>72</seaLevel>
			<biomeIds>advancedrocketry:moon,advancedrocketry:moondark</biomeIds>
			<oceanBlock>advancedrocketry:oxygenfluid</oceanBlock>
		</planet>
		<planet name="Sol-31" DIMID="31">
			<isKnown>false</isKnown>
			<fogColor>1.0,1.0,1.0</fogColor>
			<skyColor>0.8,0.6356783,0.0</skyColor>
			<gravitationalMultiplier>130</gravitationalMultiplier>
			<orbitalDistance>85</orbitalDistance>
			<orbitalPhi>0</orbitalPhi>
			<rotationalPeriod>10923</rotationalPeriod>
			<atmosphereDensity>200</atmosphereDensity>
			<biomeIds>advancedrocketry:hotdryrock,advancedrocketry:volcanic</biomeIds>
			<planet name="Sol-31: 0" DIMID="32">
				<isKnown>false</isKnown>
				<fogColor>1.0,1.0,1.0</fogColor>
				<skyColor>0.43312013,0.90792227,1.0</skyColor>
				<gravitationalMultiplier>77</gravitationalMultiplier>
				<orbitalDistance>111</orbitalDistance>
				<orbitalPhi>0</orbitalPhi>
				<rotationalPeriod>52570</rotationalPeriod>
				<atmosphereDensity>31</atmosphereDensity>
				<biomeIds>biomesoplenty:gravel_beach,biomesoplenty:redwood_forest,biomesoplenty:overgrown_cliffs,minecraft:savanna_rock,minecraft:beaches</biomeIds>
			</planet>
			<oceanBlock>minecraft:lava</oceanBlock>
		</planet>
	</star>
	<star name="Epsilon ire" temp="170" x="-200" y="80" size="1.0" numPlanets="0" numGasGiants="0" >
		<planet name="Sol-48" DIMID="48">
			<isKnown>false</isKnown>
			<hasRings>true</hasRings>
			<ringColor>0.8,0.97375584,0.9591672</ringColor>
			<fogColor>1.0,1.0,1.0</fogColor>
			<skyColor>0.8,0.97375584,0.9591672</skyColor>
			<gravitationalMultiplier>114</gravitationalMultiplier>
			<orbitalDistance>103</orbitalDistance>
			<orbitalPhi>0</orbitalPhi>
			<rotationalPeriod>16199</rotationalPeriod>
			<atmosphereDensity>74</atmosphereDensity>
			<biomeIds>minecraft:roofed_forest,minecraft:smaller_extreme_hills,minecraft:mutated_taiga_cold,biomesoplenty:orchard,biomesoplenty:flower_island</biomeIds>
			<planet name="Sol-48: 0" DIMID="49">
				<isKnown>false</isKnown>
				<fogColor>1.0,1.0,1.0</fogColor>
				<skyColor>0.056964636,0.5181486,1.0</skyColor>
				<gravitationalMultiplier>63</gravitationalMultiplier>
				<orbitalDistance>175</orbitalDistance>
				<orbitalPhi>-3</orbitalPhi>
				<rotationalPeriod>95981</rotationalPeriod>
				<atmosphereDensity>32</atmosphereDensity>
				<biomeIds>minecraft:extreme_hills,minecraft:stone_beach,biomesoplenty:flower_island,biomesoplenty:fungi_forest,biomesoplenty:marsh</biomeIds>
			</planet>
			<planet name="Sol-48: 1" DIMID="50">
				<isKnown>false</isKnown>
				<fogColor>1.0,1.0,1.0</fogColor>
				<skyColor>0.11514479,0.8921548,1.0</skyColor>
				<gravitationalMultiplier>52</gravitationalMultiplier>
				<orbitalDistance>156</orbitalDistance>
				<orbitalPhi>-1</orbitalPhi>
				<rotationalPeriod>161206</rotationalPeriod>
				<atmosphereDensity>20</atmosphereDensity>
				<biomeIds>advancedrocketry:moon,advancedrocketry:moondark</biomeIds>
			</planet>
			<planet name="Sol-48: 2" DIMID="51">
				<isKnown>false</isKnown>
				<fogColor>1.0,1.0,1.0</fogColor>
				<skyColor>0.0,0.75568426,1.0</skyColor>
				<gravitationalMultiplier>50</gravitationalMultiplier>
				<orbitalDistance>195</orbitalDistance>
				<orbitalPhi>-1</orbitalPhi>
				<rotationalPeriod>192000</rotationalPeriod>
				<atmosphereDensity>17</atmosphereDensity>
				<seaLevel>77</seaLevel>
				<biomeIds>advancedrocketry:moon,advancedrocketry:moondark</biomeIds>
				<oceanBlock>advancedrocketry:oxygenfluid</oceanBlock>
			</planet>
		</planet>
		<planet name="Sol-52" DIMID="52">
			<isKnown>false</isKnown>
			<fogColor>1.0,1.0,1.0</fogColor>
			<skyColor>0.8,0.7022384,0.18618292</skyColor>
			<gravitationalMultiplier>102</gravitationalMultiplier>
			<orbitalDistance>107</orbitalDistance>
			<orbitalPhi>-2</orbitalPhi>
			<rotationalPeriod>22615</rotationalPeriod>
			<atmosphereDensity>155</atmosphereDensity>
			<biomeIds>biomesoplenty:coral_reef,minecraft:mutated_mesa_rock,minecraft:jungle,minecraft:deep_ocean,biomesoplenty:fungi_forest,advancedrocketry:deepswamp,advancedrocketry:stormland</biomeIds>
			<planet name="Sol-52: 0" DIMID="53">
				<isKnown>false</isKnown>
				<fogColor>1.0,1.0,1.0</fogColor>
				<skyColor>0.11516851,0.9379146,1.0</skyColor>
				<gravitationalMultiplier>58</gravitationalMultiplier>
				<orbitalDistance>151</orbitalDistance>
				<orbitalPhi>0</orbitalPhi>
				<rotationalPeriod>123006</rotationalPeriod>
				<atmosphereDensity>20</atmosphereDensity>
				<biomeIds>advancedrocketry:moon,advancedrocketry:moondark</biomeIds>
			</planet>
			<planet name="Sol-52: 1" DIMID="54">
				<isKnown>false</isKnown>
				<fogColor>1.0,1.0,1.0</fogColor>
				<skyColor>0.20035857,0.66948307,1.0</skyColor>
				<gravitationalMultiplier>68</gravitationalMultiplier>
				<orbitalDistance>156</orbitalDistance>
				<orbitalPhi>-4</orbitalPhi>
				<rotationalPeriod>76328</rotationalPeriod>
				<atmosphereDensity>34</atmosphereDensity>
				<biomeIds>biomesoplenty:lush_swamp,biomesoplenty:woodland,minecraft:mutated_jungle_edge,biomesoplenty:overgrown_cliffs,minecraft:mutated_extreme_hills_with_trees</biomeIds>
			</planet>
			<planet name="Sol-52: 2" DIMID="55">
				<isKnown>false</isKnown>
				<fogColor>1.0,1.0,1.0</fogColor>
				<skyColor>0.357229,0.925275,1.0</skyColor>
				<gravitationalMultiplier>58</gravitationalMultiplier>
				<orbitalDistance>122</orbitalDistance>
				<orbitalPhi>1</orbitalPhi>
				<rotationalPeriod>116857</rotationalPeriod>
				<atmosphereDensity>23</atmosphereDensity>
				<biomeIds>advancedrocketry:moon,advancedrocketry:moondark</biomeIds>
			</planet>
			<oceanBlock>minecraft:lava</oceanBlock>
		</planet>
		<planet name="Sol-37" DIMID="37">
			<isKnown>false</isKnown>
			<fogColor>1.0,1.0,1.0</fogColor>
			<skyColor>0.8,0.61042494,0.0</skyColor>
			<gravitationalMultiplier>100</gravitationalMultiplier>
			<orbitalDistance>77</orbitalDistance>
			<orbitalPhi>-4</orbitalPhi>
			<rotationalPeriod>24000</rotationalPeriod>
			<atmosphereDensity>173</atmosphereDensity>
			<seaLevel>45</seaLevel>
			<biomeIds>advancedrocketry:hotdryrock,advancedrocketry:volcanic</biomeIds>
			<planet name="Sol-37: 0" DIMID="38">
				<isKnown>false</isKnown>
				<fogColor>1.0,1.0,1.0</fogColor>
				<skyColor>0.30437106,0.9676584,1.0</skyColor>
				<gravitationalMultiplier>25</gravitationalMultiplier>
				<orbitalDistance>125</orbitalDistance>
				<orbitalPhi>-1</orbitalPhi>
				<rotationalPeriod>1536000</rotationalPeriod>
				<atmosphereDensity>17</atmosphereDensity>
				<biomeIds>advancedrocketry:moon,advancedrocketry:moondark</biomeIds>
			</planet>
			<oceanBlock>minecraft:lava</oceanBlock>
		</planet>
		<planet name="Sol-39" DIMID="39">
			<isKnown>false</isKnown>
			<fogColor>1.0,1.0,1.0</fogColor>
			<skyColor>0.8,0.83288103,0.7657249</skyColor>
			<gravitationalMultiplier>130</gravitationalMultiplier>
			<orbitalDistance>144</orbitalDistance>
			<orbitalPhi>-5</orbitalPhi>
			<rotationalPeriod>10923</rotationalPeriod>
			<atmosphereDensity>130</atmosphereDensity>
			<biomeIds>minecraft:deep_ocean,minecraft:mutated_mesa,biomesoplenty:land_of_lakes,biomesoplenty:bayou,biomesoplenty:brushland,advancedrocketry:deepswamp,advancedrocketry:stormland</biomeIds>
			<planet name="Sol-39: 0" DIMID="40">
				<isKnown>false</isKnown>
				<fogColor>1.0,1.0,1.0</fogColor>
				<skyColor>0.20889074,0.63896203,1.0</skyColor>
				<gravitationalMultiplier>65</gravitationalMultiplier>
				<orbitalDistance>134</orbitalDistance>
				<orbitalPhi>4</orbitalPhi>
				<rotationalPeriod>87391</rotationalPeriod>
				<atmosphereDensity>15</atmosphereDensity>
				<biomeIds>advancedrocketry:moon,advancedrocketry:moondark</biomeIds>
			</planet>
			<planet name="Sol-39: 1" DIMID="41">
				<isKnown>false</isKnown>
				<fogColor>1.0,1.0,1.0</fogColor>
				<skyColor>0.29278028,0.5889292,1.0</skyColor>
				<gravitationalMultiplier>42</gravitationalMultiplier>
				<orbitalDistance>148</orbitalDistance>
				<orbitalPhi>6</orbitalPhi>
				<rotationalPeriod>323939</rotationalPeriod>
				<atmosphereDensity>35</atmosphereDensity>
				<biomeIds>biomesoplenty:xeric_shrubland,biomesoplenty:kelp_forest,minecraft:forest_hills,biomesoplenty:orchard,biomesoplenty:rainforest</biomeIds>
			</planet>
		</planet>
		<planet name="Sol-42" DIMID="42">
			<isKnown>false</isKnown>
			<fogColor>1.0,1.0,1.0</fogColor>
			<skyColor>0.49097186,0.5201483,1.0</skyColor>
			<gravitationalMultiplier>130</gravitationalMultiplier>
			<orbitalDistance>135</orbitalDistance>
			<orbitalPhi>2</orbitalPhi>
			<rotationalPeriod>10923</rotationalPeriod>
			<atmosphereDensity>48</atmosphereDensity>
			<biomeIds>biomesoplenty:wetland,biomesoplenty:eucalyptus_forest,biomesoplenty:fungi_forest,biomesoplenty:grassland,biomesoplenty:gravel_beach</biomeIds>
		</planet>
		<planet name="Sol-43" DIMID="43">
			<isKnown>false</isKnown>
			<fogColor>1.0,1.0,1.0</fogColor>
			<skyColor>0.8,0.91158354,0.0</skyColor>
			<gravitationalMultiplier>104</gravitationalMultiplier>
			<orbitalDistance>112</orbitalDistance>
			<orbitalPhi>0</orbitalPhi>
			<rotationalPeriod>21335</rotationalPeriod>
			<atmosphereDensity>200</atmosphereDensity>
			<biomeIds>advancedrocketry:hotdryrock,advancedrocketry:volcanic</biomeIds>
			<planet name="Sol-43: 0" DIMID="44">
				<isKnown>false</isKnown>
				<fogColor>1.0,1.0,1.0</fogColor>
				<skyColor>0.061139345,0.9182509,1.0</skyColor>
				<gravitationalMultiplier>58</gravitationalMultiplier>
				<orbitalDistance>183</orbitalDistance>
				<orbitalPhi>2</orbitalPhi>
				<rotationalPeriod>123006</rotationalPeriod>
				<atmosphereDensity>35</atmosphereDensity>
				<biomeIds>minecraft:mutated_savanna,biomesoplenty:bayou,biomesoplenty:tropical_island,biomesoplenty:mountain,biomesoplenty:oasis</biomeIds>
			</planet>
			<planet name="Sol-43: 1" DIMID="45">
				<isKnown>false</isKnown>
				<fogColor>1.0,1.0,1.0</fogColor>
				<skyColor>0.30192155,0.75983024,1.0</skyColor>
				<gravitationalMultiplier>40</gravitationalMultiplier>
				<orbitalDistance>132</orbitalDistance>
				<orbitalPhi>-2</orbitalPhi>
				<rotationalPeriod>375000</rotationalPeriod>
				<atmosphereDensity>29</atmosphereDensity>
				<biomeIds>biomesoplenty:gravel_beach,minecraft:plains,biomesoplenty:oasis,biomesoplenty:mystic_grove,minecraft:extreme_hills</biomeIds>
			</planet>
			<planet name="Sol-43: 2" DIMID="46">
				<isKnown>false</isKnown>
				<fogColor>1.0,1.0,1.0</fogColor>
				<skyColor>0.41854912,0.51921463,1.0</skyColor>
				<gravitationalMultiplier>65</gravitationalMultiplier>
				<orbitalDistance>109</orbitalDistance>
				<orbitalPhi>-5</orbitalPhi>
				<rotationalPeriod>87391</rotationalPeriod>
				<atmosphereDensity>17</atmosphereDensity>
				<biomeIds>advancedrocketry:moon,advancedrocketry:moondark</biomeIds>
			</planet>
			<oceanBlock>minecraft:lava</oceanBlock>
		</planet>
		<planet name="Sol-47" DIMID="47">
			<isKnown>false</isKnown>
			<fogColor>1.0,1.0,1.0</fogColor>
			<skyColor>0.8,0.90452224,0.6839995</skyColor>
			<gravitationalMultiplier>89</gravitationalMultiplier>
			<orbitalDistance>99</orbitalDistance>
			<orbitalPhi>-1</orbitalPhi>
			<rotationalPeriod>34044</rotationalPeriod>
			<atmosphereDensity>103</atmosphereDensity>
			<biomeIds>minecraft:desert_hills</biomeIds>
			<oceanBlock>minecraft:lava</oceanBlock>
		</planet>
	</star>
	<star name="Proxima Centaurs" temp="200" x="-150" y="250" size="1.0" numPlanets="0" numGasGiants="0" >
		<planet name="Sol-56" DIMID="56">
			<isKnown>false</isKnown>
			<fogColor>1.0,1.0,1.0</fogColor>
			<skyColor>0.8,0.8997501,0.0</skyColor>
			<gravitationalMultiplier>117</gravitationalMultiplier>
			<orbitalDistance>11</orbitalDistance>
			<orbitalPhi>-1</orbitalPhi>
			<rotationalPeriod>14607</rotationalPeriod>
			<atmosphereDensity>188</atmosphereDensity>
			<biomeIds>advancedrocketry:hotdryrock,advancedrocketry:volcanic</biomeIds>
			<planet name="Sol-56: 0" DIMID="57">
				<isKnown>false</isKnown>
				<fogColor>1.0,1.0,1.0</fogColor>
				<skyColor>0.60832536,0.5859425,1.0</skyColor>
				<gravitationalMultiplier>42</gravitationalMultiplier>
				<orbitalDistance>101</orbitalDistance>
				<orbitalPhi>0</orbitalPhi>
				<rotationalPeriod>323939</rotationalPeriod>
				<atmosphereDensity>35</atmosphereDensity>
				<biomeIds>minecraft:mutated_plains,minecraft:mutated_mesa,biomesoplenty:prairie,minecraft:savanna,minecraft:roofed_forest</biomeIds>
			</planet>
			<oceanBlock>minecraft:lava</oceanBlock>
		</planet>
		<planet name="Sol-58" DIMID="58">
			<isKnown>false</isKnown>
			<fogColor>1.0,1.0,1.0</fogColor>
			<skyColor>0.8,0.52291846,0.4419523</skyColor>
			<gravitationalMultiplier>130</gravitationalMultiplier>
			<orbitalDistance>100</orbitalDistance>
			<orbitalPhi>-2</orbitalPhi>
			<rotationalPeriod>10923</rotationalPeriod>
			<atmosphereDensity>118</atmosphereDensity>
			<biomeIds>minecraft:mutated_birch_forest,minecraft:desert_hills,minecraft:beaches,minecraft:mutated_extreme_hills,minecraft:extreme_hills_with_trees</biomeIds>
			<planet name="Sol-58: 0" DIMID="59">
				<isKnown>false</isKnown>
				<fogColor>1.0,1.0,1.0</fogColor>
				<skyColor>0.0,0.86434627,1.0</skyColor>
				<gravitationalMultiplier>50</gravitationalMultiplier>
				<orbitalDistance>187</orbitalDistance>
				<orbitalPhi>1</orbitalPhi>
				<rotationalPeriod>192000</rotationalPeriod>
				<atmosphereDensity>13</atmosphereDensity>
				<biomeIds>advancedrocketry:moon,advancedrocketry:moondark</biomeIds>
			</planet>
			<planet name="Sol-58: 1" DIMID="60">
				<isKnown>false</isKnown>
				<fogColor>1.0,1.0,1.0</fogColor>
				<skyColor>0.0,0.55059135,1.0</skyColor>
				<gravitationalMultiplier>50</gravitationalMultiplier>
				<orbitalDistance>180</orbitalDistance>
				<orbitalPhi>-2</orbitalPhi>
				<rotationalPeriod>192000</rotationalPeriod>
				<atmosphereDensity>22</atmosphereDensity>
				<biomeIds>advancedrocketry:moon,advancedrocketry:moondark</biomeIds>
			</planet>
			<oceanBlock>minecraft:lava</oceanBlock>
		</planet>
		<planet name="Sol-61" DIMID="61">
			<isKnown>false</isKnown>
			<fogColor>1.0,1.0,1.0</fogColor>
			<skyColor>0.0,0.7948015,1.0</skyColor>
			<gravitationalMultiplier>111</gravitationalMultiplier>
			<orbitalDistance>178</orbitalDistance>
			<orbitalPhi>-4</orbitalPhi>
			<rotationalPeriod>17548</rotationalPeriod>
			<atmosphereDensity>6</atmosphereDensity>
			<seaLevel>71</seaLevel>
			<biomeIds>advancedrocketry:moon,advancedrocketry:moondark</biomeIds>
			<planet name="Sol-61: 0" DIMID="62">
				<isKnown>false</isKnown>
				<hasRings>true</hasRings>
				<ringColor>0.0,0.96619195,1.0</ringColor>
				<fogColor>1.0,1.0,1.0</fogColor>
				<skyColor>0.0,0.96619195,1.0</skyColor>
				<gravitationalMultiplier>52</gravitationalMultiplier>
				<orbitalDistance>179</orbitalDistance>
				<orbitalPhi>-8</orbitalPhi>
				<rotationalPeriod>161206</rotationalPeriod>
				<atmosphereDensity>18</atmosphereDensity>
				<biomeIds>advancedrocketry:moon,advancedrocketry:moondark</biomeIds>
			</planet>
			<planet name="Sol-61: 1" DIMID="63">
				<isKnown>false</isKnown>
				<fogColor>1.0,1.0,1.0</fogColor>
				<skyColor>0.14812762,0.51741576,1.0</skyColor>
				<gravitationalMultiplier>38</gravitationalMultiplier>
				<orbitalDistance>175</orbitalDistance>
				<orbitalPhi>0</orbitalPhi>
				<rotationalPeriod>437381</rotationalPeriod>
				<atmosphereDensity>35</atmosphereDensity>
				<seaLevel>51</seaLevel>
				<biomeIds>biomesoplenty:chaparral,biomesoplenty:tropical_rainforest,biomesoplenty:origin_beach,minecraft:mutated_redwood_taiga_hills,biomesoplenty:mystic_grove</biomeIds>
			</planet>
			<oceanBlock>advancedrocketry:oxygenfluid</oceanBlock>
		</planet>
	</star>
	<star name="Magnis Vulpes" temp="70" x="-150" y="-250" size="1.0" numPlanets="0" numGasGiants="0" >
		<planet name="Sol-64" DIMID="64">
			<isKnown>false</isKnown>
			<fogColor>1.0,1.0,1.0</fogColor>
			<skyColor>0.8,0.56517506,0.0</skyColor>
			<gravitationalMultiplier>99</gravitationalMultiplier>
			<orbitalDistance>70</orbitalDistance>
			<orbitalPhi>-3</orbitalPhi>
			<rotationalPeriod>24734</rotationalPeriod>
			<atmosphereDensity>193</atmosphereDensity>
			<biomeIds>advancedrocketry:hotdryrock,advancedrocketry:volcanic</biomeIds>
			<oceanBlock>minecraft:lava</oceanBlock>
		</planet>
		<planet name="Sol-65" DIMID="65">
			<isKnown>false</isKnown>
			<fogColor>1.0,1.0,1.0</fogColor>
			<skyColor>0.8,0.8746822,0.9879896</skyColor>
			<gravitationalMultiplier>88</gravitationalMultiplier>
			<orbitalDistance>96</orbitalDistance>
			<orbitalPhi>-1</orbitalPhi>
			<rotationalPeriod>35217</rotationalPeriod>
			<atmosphereDensity>66</atmosphereDensity>
			<biomeIds>minecraft:extreme_hills</biomeIds>
		</planet>
	</star>
	<star name="Ma-Roo" temp="200" x="50" y="-250" size="1.0" numPlanets="0" numGasGiants="0" >
		<planet name="Sol-66" DIMID="66">
			<isKnown>false</isKnown>
			<fogColor>1.0,1.0,1.0</fogColor>
			<skyColor>0.8,0.69715166,0.0</skyColor>
			<gravitationalMultiplier>91</gravitationalMultiplier>
			<orbitalDistance>48</orbitalDistance>
			<orbitalPhi>-5</orbitalPhi>
			<rotationalPeriod>31848</rotationalPeriod>
			<atmosphereDensity>165</atmosphereDensity>
			<biomeIds>advancedrocketry:hotdryrock,advancedrocketry:volcanic</biomeIds>
			<oceanBlock>minecraft:lava</oceanBlock>
		</planet>
		<planet name="Sol-67" DIMID="67">
			<isKnown>false</isKnown>
			<fogColor>1.0,1.0,1.0</fogColor>
			<skyColor>0.8,0.86148214,0.7691691</skyColor>
			<gravitationalMultiplier>127</gravitationalMultiplier>
			<orbitalDistance>155</orbitalDistance>
			<orbitalPhi>0</orbitalPhi>
			<rotationalPeriod>11716</rotationalPeriod>
			<atmosphereDensity>138</atmosphereDensity>
			<biomeIds>minecraft:desert_hills</biomeIds>
			<planet name="Sol-67: 0" DIMID="68">
				<isKnown>false</isKnown>
				<fogColor>1.0,1.0,1.0</fogColor>
				<skyColor>0.0,0.9118961,1.0</skyColor>
				<gravitationalMultiplier>68</gravitationalMultiplier>
				<orbitalDistance>176</orbitalDistance>
				<orbitalPhi>3</orbitalPhi>
				<rotationalPeriod>76328</rotationalPeriod>
				<atmosphereDensity>20</atmosphereDensity>
				<biomeIds>advancedrocketry:moon,advancedrocketry:moondark</biomeIds>
			</planet>
		</planet>
		<planet name="Sol-69" DIMID="69">
			<isKnown>false</isKnown>
			<fogColor>1.0,1.0,1.0</fogColor>
			<skyColor>0.5583974,0.70627344,1.0</skyColor>
			<gravitationalMultiplier>110</gravitationalMultiplier>
			<orbitalDistance>153</orbitalDistance>
			<orbitalPhi>0</orbitalPhi>
			<rotationalPeriod>18031</rotationalPeriod>
			<atmosphereDensity>73</atmosphereDensity>
			<biomeIds>minecraft:ice_flats</biomeIds>
		</planet>
		<planet name="Sol-70" DIMID="70">
			<isKnown>false</isKnown>
			<fogColor>1.0,1.0,1.0</fogColor>
			<skyColor>0.8,0.7647804,0.06218165</skyColor>
			<gravitationalMultiplier>130</gravitationalMultiplier>
			<orbitalDistance>146</orbitalDistance>
			<orbitalPhi>4</orbitalPhi>
			<rotationalPeriod>10923</rotationalPeriod>
			<atmosphereDensity>200</atmosphereDensity>
			<biomeIds>advancedrocketry:hotdryrock,advancedrocketry:volcanic</biomeIds>
			<planet name="Sol-70: 0" DIMID="71">
				<isKnown>false</isKnown>
				<fogColor>1.0,1.0,1.0</fogColor>
				<skyColor>0.14226353,0.510741,1.0</skyColor>
				<gravitationalMultiplier>89</gravitationalMultiplier>
				<orbitalDistance>158</orbitalDistance>
				<orbitalPhi>0</orbitalPhi>
				<rotationalPeriod>34044</rotationalPeriod>
				<atmosphereDensity>23</atmosphereDensity>
				<biomeIds>advancedrocketry:moon,advancedrocketry:moondark</biomeIds>
			</planet>
			<planet name="Sol-70: 1" DIMID="72">
				<isKnown>false</isKnown>
				<fogColor>1.0,1.0,1.0</fogColor>
				<skyColor>0.11475229,0.625422,1.0</skyColor>
				<gravitationalMultiplier>75</gravitationalMultiplier>
				<orbitalDistance>152</orbitalDistance>
				<orbitalPhi>-4</orbitalPhi>
				<rotationalPeriod>56888</rotationalPeriod>
				<atmosphereDensity>22</atmosphereDensity>
				<biomeIds>advancedrocketry:moon,advancedrocketry:moondark</biomeIds>
			</planet>
			<planet name="Sol-70: 2" DIMID="73">
				<isKnown>false</isKnown>
				<fogColor>1.0,1.0,1.0</fogColor>
				<skyColor>0.21390176,0.7552103,1.0</skyColor>
				<gravitationalMultiplier>42</gravitationalMultiplier>
				<orbitalDistance>156</orbitalDistance>
				<orbitalPhi>-5</orbitalPhi>
				<rotationalPeriod>323939</rotationalPeriod>
				<atmosphereDensity>28</atmosphereDensity>
				<biomeIds>biomesoplenty:sacred_springs,minecraft:plains,minecraft:savanna_rock,minecraft:mutated_mesa_rock,minecraft:mutated_extreme_hills</biomeIds>
			</planet>
			<oceanBlock>minecraft:lava</oceanBlock>
		</planet>
		<planet name="Sol-74" DIMID="74">
			<isKnown>false</isKnown>
			<fogColor>1.0,1.0,1.0</fogColor>
			<skyColor>0.8,0.5037486,0.17626184</skyColor>
			<gravitationalMultiplier>128</gravitationalMultiplier>
			<orbitalDistance>58</orbitalDistance>
			<orbitalPhi>3</orbitalPhi>
			<rotationalPeriod>11444</rotationalPeriod>
			<atmosphereDensity>113</atmosphereDensity>
			<biomeIds>minecraft:extreme_hills</biomeIds>
			<planet name="Sol-74: 0" DIMID="75">
				<isKnown>false</isKnown>
				<fogColor>1.0,1.0,1.0</fogColor>
				<skyColor>0.0,0.6886654,1.0</skyColor>
				<gravitationalMultiplier>68</gravitationalMultiplier>
				<orbitalDistance>170</orbitalDistance>
				<orbitalPhi>-3</orbitalPhi>
				<rotationalPeriod>76328</rotationalPeriod>
				<atmosphereDensity>21</atmosphereDensity>
				<biomeIds>advancedrocketry:moon,advancedrocketry:moondark</biomeIds>
			</planet>
			<planet name="Sol-74: 1" DIMID="76">
				<isKnown>false</isKnown>
				<fogColor>1.0,1.0,1.0</fogColor>
				<skyColor>0.027866662,0.7416339,1.0</skyColor>
				<gravitationalMultiplier>66</gravitationalMultiplier>
				<orbitalDistance>185</orbitalDistance>
				<orbitalPhi>0</orbitalPhi>
				<rotationalPeriod>83479</rotationalPeriod>
				<atmosphereDensity>37</atmosphereDensity>
				<biomeIds>biomesoplenty:mangrove,minecraft:extreme_hills_with_trees,biomesoplenty:visceral_heap,minecraft:jungle_edge,biomesoplenty:outback</biomeIds>
			</planet>
			<planet name="Sol-74: 2" DIMID="77">
				<isKnown>false</isKnown>
				<fogColor>1.0,1.0,1.0</fogColor>
				<skyColor>0.0,0.78038764,1.0</skyColor>
				<gravitationalMultiplier>79</gravitationalMultiplier>
				<orbitalDistance>187</orbitalDistance>
				<orbitalPhi>0</orbitalPhi>
				<rotationalPeriod>48677</rotationalPeriod>
				<atmosphereDensity>29</atmosphereDensity>
				<biomeIds>minecraft:extreme_hills_with_trees,minecraft:extreme_hills,minecraft:mutated_redwood_taiga,biomesoplenty:gravel_beach,biomesoplenty:redwood_forest</biomeIds>
			</planet>
			<oceanBlock>minecraft:lava</oceanBlock>
		</planet>
		<planet name="Sol-78" DIMID="78">
			<isKnown>false</isKnown>
			<fogColor>1.0,1.0,1.0</fogColor>
			<skyColor>0.38876235,0.79212224,1.0</skyColor>
			<gravitationalMultiplier>108</gravitationalMultiplier>
			<orbitalDistance>99</orbitalDistance>
			<orbitalPhi>-4</orbitalPhi>
			<rotationalPeriod>19051</rotationalPeriod>
			<atmosphereDensity>8</atmosphereDensity>
			<seaLevel>74</seaLevel>
			<biomeIds>advancedrocketry:moon,advancedrocketry:moondark</biomeIds>
			<planet name="Sol-78: 1" DIMID="80">
				<isKnown>false</isKnown>
				<fogColor>1.0,1.0,1.0</fogColor>
				<skyColor>0.47750646,0.5921047,1.0</skyColor>
				<gravitationalMultiplier>43</gravitationalMultiplier>
				<orbitalDistance>116</orbitalDistance>
				<orbitalPhi>-4</orbitalPhi>
				<rotationalPeriod>301860</rotationalPeriod>
				<atmosphereDensity>31</atmosphereDensity>
				<biomeIds>minecraft:mushroom_island_shore,biomesoplenty:wasteland,minecraft:ocean,minecraft:mesa,biomesoplenty:flower_field</biomeIds>
			</planet>
			<planet name="Sol-78: 0" DIMID="79">
				<isKnown>false</isKnown>
				<fogColor>1.0,1.0,1.0</fogColor>
				<skyColor>0.20728993,0.5654649,1.0</skyColor>
				<gravitationalMultiplier>52</gravitationalMultiplier>
				<orbitalDistance>140</orbitalDistance>
				<orbitalPhi>3</orbitalPhi>
				<rotationalPeriod>170687</rotationalPeriod>
				<atmosphereDensity>22</atmosphereDensity>
				<biomeIds>advancedrocketry:moon,advancedrocketry:moondark</biomeIds>
			</planet>
			<oceanBlock>advancedrocketry:oxygenfluid</oceanBlock>
		</planet>
	</star>
	<star name="Alykitt" temp="120" x="75" y="200" size="1.0" numPlanets="0" numGasGiants="0" >
		<planet name="Sol-81" DIMID="81">
			<isKnown>false</isKnown>
			<GasGiant>true</GasGiant>
			<gas>oxygen</gas>
			<gas>hydrogen</gas>
			<gas>nitrogen</gas>
			<fogColor>1.0,1.0,1.0</fogColor>
			<skyColor>1.0,1.0,1.0</skyColor>
			<gravitationalMultiplier>91</gravitationalMultiplier>
			<orbitalDistance>200</orbitalDistance>
			<orbitalPhi>0</orbitalPhi>
			<rotationalPeriod>24000</rotationalPeriod>
			<atmosphereDensity>137</atmosphereDensity>
		</planet>
		<planet name="Sol-82" DIMID="82">
			<isKnown>false</isKnown>
			<fogColor>1.0,1.0,1.0</fogColor>
			<skyColor>0.8,0.80095893,0.22338116</skyColor>
			<gravitationalMultiplier>130</gravitationalMultiplier>
			<orbitalDistance>91</orbitalDistance>
			<orbitalPhi>-4</orbitalPhi>
			<rotationalPeriod>10923</rotationalPeriod>
			<atmosphereDensity>145</atmosphereDensity>
			<biomeIds>minecraft:jungle_edge,minecraft:jungle_hills,biomesoplenty:tropical_rainforest,minecraft:mutated_mesa,minecraft:mutated_jungle,advancedrocketry:deepswamp,advancedrocketry:stormland</biomeIds>
			<planet name="Sol-82: 0" DIMID="83">
				<isKnown>false</isKnown>
				<fogColor>1.0,1.0,1.0</fogColor>
				<skyColor>0.0,0.5734699,1.0</skyColor>
				<gravitationalMultiplier>67</gravitationalMultiplier>
				<orbitalDistance>202</orbitalDistance>
				<orbitalPhi>-1</orbitalPhi>
				<rotationalPeriod>79797</rotationalPeriod>
				<atmosphereDensity>33</atmosphereDensity>
				<biomeIds>minecraft:mutated_mesa_rock,biomesoplenty:rainforest,minecraft:mesa_clear_rock,biomesoplenty:lush_desert,biomesoplenty:marsh</biomeIds>
			</planet>
			<oceanBlock>minecraft:lava</oceanBlock>
		</planet>
		<planet name="Sol-84" DIMID="84">
			<isKnown>false</isKnown>
			<fogColor>1.0,1.0,1.0</fogColor>
			<skyColor>0.6163881,0.7463979,1.0</skyColor>
			<gravitationalMultiplier>130</gravitationalMultiplier>
			<orbitalDistance>157</orbitalDistance>
			<orbitalPhi>-3</orbitalPhi>
			<rotationalPeriod>10923</rotationalPeriod>
			<atmosphereDensity>80</atmosphereDensity>
			<biomeIds>minecraft:smaller_extreme_hills,biomesoplenty:fungi_forest,biomesoplenty:quagmire,biomesoplenty:redwood_forest,biomesoplenty:rainforest</biomeIds>
			<planet name="Sol-84: 0" DIMID="85">
				<isKnown>false</isKnown>
				<fogColor>1.0,1.0,1.0</fogColor>
				<skyColor>0.2410047,0.8416922,1.0</skyColor>
				<gravitationalMultiplier>50</gravitationalMultiplier>
				<orbitalDistance>147</orbitalDistance>
				<orbitalPhi>1</orbitalPhi>
				<rotationalPeriod>192000</rotationalPeriod>
				<atmosphereDensity>31</atmosphereDensity>
				<biomeIds>minecraft:mutated_redwood_taiga,minecraft:desert,biomesoplenty:phantasmagoric_inferno,biomesoplenty:orchard,biomesoplenty:mountain_foothills</biomeIds>
			</planet>
			<planet name="Sol-84: 1" DIMID="86">
				<isKnown>false</isKnown>
				<fogColor>1.0,1.0,1.0</fogColor>
				<skyColor>0.20940173,0.7090765,1.0</skyColor>
				<gravitationalMultiplier>68</gravitationalMultiplier>
				<orbitalDistance>157</orbitalDistance>
				<orbitalPhi>-4</orbitalPhi>
				<rotationalPeriod>76328</rotationalPeriod>
				<atmosphereDensity>37</atmosphereDensity>
				<biomeIds>biomesoplenty:corrupted_sands,biomesoplenty:moor,biomesoplenty:grove,biomesoplenty:mountain_foothills,biomesoplenty:lush_swamp</biomeIds>
			</planet>
			<planet name="Sol-84: 2" DIMID="87">
				<isKnown>false</isKnown>
				<fogColor>1.0,1.0,1.0</fogColor>
				<skyColor>0.37514025,0.7029196,1.0</skyColor>
				<gravitationalMultiplier>47</gravitationalMultiplier>
				<orbitalDistance>123</orbitalDistance>
				<orbitalPhi>-6</orbitalPhi>
				<rotationalPeriod>231162</rotationalPeriod>
				<atmosphereDensity>28</atmosphereDensity>
				<biomeIds>biomesoplenty:sacred_springs,biomesoplenty:bayou,minecraft:jungle_edge,minecraft:birch_forest_hills,minecraft:mutated_redwood_taiga</biomeIds>
			</planet>
		</planet>
		<planet name="Sol-88" DIMID="88">
			<isKnown>false</isKnown>
			<fogColor>1.0,1.0,1.0</fogColor>
			<skyColor>0.0,0.6473372,1.0</skyColor>
			<gravitationalMultiplier>130</gravitationalMultiplier>
			<orbitalDistance>182</orbitalDistance>
			<orbitalPhi>-5</orbitalPhi>
			<rotationalPeriod>10923</rotationalPeriod>
			<atmosphereDensity>19</atmosphereDensity>
			<biomeIds>advancedrocketry:moon,advancedrocketry:moondark</biomeIds>
			<planet name="Sol-88: 0" DIMID="89">
				<isKnown>false</isKnown>
				<fogColor>1.0,1.0,1.0</fogColor>
				<skyColor>0.0,0.8259274,1.0</skyColor>
				<gravitationalMultiplier>62</gravitationalMultiplier>
				<orbitalDistance>186</orbitalDistance>
				<orbitalPhi>-3</orbitalPhi>
				<rotationalPeriod>100701</rotationalPeriod>
				<atmosphereDensity>26</atmosphereDensity>
				<biomeIds>minecraft:extreme_hills_with_trees,minecraft:mutated_extreme_hills_with_trees,biomesoplenty:wetland,biomesoplenty:quagmire,minecraft:mutated_savanna_rock</biomeIds>
			</planet>
		</planet>
	</star>
</galaxy>